incident_id,machine_id,severity,shift,type_surchauffe,type_baisse_pression,type_vibration,type_bruit_mecanique,type_surconsommation,type_blocage_mecanique,type_alarme_capteur,type_arret_urgence,type_defaut_qualite,incident_at_source
INC-000001,MACH-06,4,nuit,True,False,False,False,False,False,False,False,False,2025-06-01 05:42:00
INC-000002,MACH-15,3,apres-midi,False,True,False,False,False,False,False,False,False,2025-06-01 21:08:00
INC-000003,MACH-10,2,nuit,False,False,False,False,False,False,True,False,False,2025-06-02 05:43:00
INC-000004,MACH-10,3,nuit,False,False,False,False,False,False,True,False,False,2025-06-03 05:43:00
INC-000005,MACH-14,2,nuit,True,False,False,False,False,False,False,False,False,2025-06-04 01:01:00
INC-000006,MACH-10,4,nuit,False,False,False,False,False,False,True,False,False,2025-06-04 05:43:00
INC-000007,MACH-01,3,nuit,True,False,False,False,False,False,False,False,False,2025-06-04 22:24:00
INC-000008,MACH-14,3,nuit,True,False,False,False,False,False,False,False,False,2025-06-05 01:01:00
INC-000009,MACH-14,4,nuit,True,False,False,False,False,False,False,False,False,2025-06-06 01:01:00
INC-000010,MACH-13,3,nuit,False,False,False,True,False,False,False,False,False,2025-06-07 00:56:00
INC-000011,MACH-06,3,matin,True,False,False,False,False,False,False,False,False,2025-06-08 09:10:00
INC-000012,MACH-10,3,nuit,False,False,False,False,False,False,True,False,False,2025-06-09 03:34:00
INC-000013,MACH-03,3,nuit,False,False,False,False,False,False,True,False,False,2025-06-10 01:11:00
INC-000014,MACH-01,3,apres-midi,False,False,False,True,False,False,False,False,False,2025-06-11 14:54:00
INC-000015,MACH-01,2,apres-midi,False,False,True,False,False,False,False,False,False,2025-06-11 18:38:00
INC-000016,MACH-01,2,apres-midi,False,False,True,False,False,False,False,False,False,2025-06-11 18:43:00
INC-000017,MACH-06,2,nuit,False,False,False,False,False,False,True,False,False,2025-06-12 04:17:00
INC-000018,MACH-15,3,nuit,False,False,True,False,False,False,False,False,False,2025-06-12 04:46:00
INC-000019,MACH-13,3,matin,False,True,False,False,False,False,False,False,False,2025-06-12 09:25:00
INC-000020,MACH-13,2,matin,False,True,False,False,False,False,False,False,False,2025-06-12 09:48:00
INC-000021,MACH-07,3,matin,False,False,False,False,False,False,True,False,False,2025-06-12 10:27:00
INC-000022,MACH-01,2,matin,False,False,True,False,False,False,False,False,False,2025-06-12 11:15:00
INC-000023,MACH-01,3,apres-midi,False,False,True,False,False,False,False,False,False,2025-06-12 18:38:00
INC-000024,MACH-01,3,apres-midi,False,False,True,False,False,False,False,False,False,2025-06-12 18:45:00
INC-000025,MACH-06,3,nuit,False,False,False,False,False,False,True,False,False,2025-06-13 04:17:00
INC-000026,MACH-13,3,matin,False,True,False,False,False,False,False,False,False,2025-06-13 09:48:00
INC-000027,MACH-13,3,matin,False,True,False,False,False,False,False,False,False,2025-06-13 09:49:00
INC-000028,MACH-01,3,matin,False,False,True,False,False,False,False,False,False,2025-06-13 11:02:00
INC-000029,MACH-01,3,matin,False,False,True,False,False,False,False,False,False,2025-06-13 11:15:00
INC-000030,MACH-12,2,matin,False,False,True,False,False,False,False,False,False,2025-06-13 13:44:00
INC-000031,MACH-01,4,apres-midi,False,False,True,False,False,False,False,False,False,2025-06-13 18:38:00
INC-000032,MACH-06,2,apres-midi,False,True,False,False,False,False,False,False,False,2025-06-13 20:54:00
INC-000033,MACH-05,2,nuit,False,False,False,False,False,False,True,False,False,2025-06-14 01:07:00
INC-000034,MACH-05,2,nuit,False,False,False,False,False,False,True,False,False,2025-06-14 01:43:00
INC-000035,MACH-06,4,nuit,False,False,False,False,False,False,True,False,False,2025-06-14 04:17:00
INC-000036,MACH-13,4,matin,False,True,False,False,False,False,False,False,False,2025-06-14 09:48:00
INC-000037,MACH-01,4,matin,False,False,True,False,False,False,False,False,False,2025-06-14 11:15:00
INC-000038,MACH-12,3,matin,False,False,True,False,False,False,False,False,False,2025-06-14 13:44:00
INC-000039,MACH-13,3,apres-midi,False,False,False,False,False,False,False,False,True,2025-06-14 20:46:00
INC-000040,MACH-06,3,apres-midi,False,True,False,False,False,False,False,False,False,2025-06-14 20:54:00
INC-000041,MACH-14,2,apres-midi,True,False,False,False,False,False,False,False,False,2025-06-14 21:14:00
INC-000042,MACH-04,3,apres-midi,False,False,False,False,False,False,True,False,False,2025-06-14 21:27:00
INC-000043,MACH-01,2,nuit,True,False,False,False,False,False,False,False,False,2025-06-15 00:07:00
INC-000044,MACH-05,3,nuit,False,False,False,False,False,False,True,False,False,2025-06-15 01:31:00
INC-000045,MACH-05,3,nuit,False,False,False,False,False,False,True,False,False,2025-06-15 01:43:00
INC-000046,MACH-12,4,matin,False,False,True,False,False,False,False,False,False,2025-06-15 13:44:00
INC-000047,MACH-15,2,apres-midi,False,False,False,True,False,False,False,False,False,2025-06-15 14:35:00
INC-000048,MACH-06,4,apres-midi,False,True,False,False,False,False,False,False,False,2025-06-15 20:54:00
INC-000049,MACH-01,3,nuit,True,False,False,False,False,False,False,False,False,2025-06-16 00:07:00
INC-000050,MACH-01,3,nuit,True,False,False,False,False,False,False,False,False,2025-06-16 00:50:00
INC-000051,MACH-05,4,nuit,False,False,False,False,False,False,True,True,False,2025-06-16 01:43:00
INC-000052,MACH-08,3,apres-midi,False,False,False,False,False,False,True,False,False,2025-06-16 17:35:00
INC-000053,MACH-05,3,apres-midi,False,False,True,False,False,False,False,False,False,2025-06-16 21:17:00
INC-000054,MACH-05,3,apres-midi,False,False,False,False,True,False,False,False,False,2025-06-16 21:24:00
INC-000055,MACH-01,4,nuit,True,False,False,False,False,False,False,True,False,2025-06-17 00:07:00
INC-000056,MACH-15,3,matin,False,False,False,False,False,False,False,False,True,2025-06-19 13:22:00
INC-000057,MACH-15,3,matin,False,False,False,False,False,False,False,False,True,2025-06-20 06:53:00
INC-000058,MACH-12,2,nuit,False,False,False,False,False,False,True,False,False,2025-06-20 23:25:00
INC-000059,MACH-11,3,matin,False,False,False,False,False,False,True,False,False,2025-06-21 08:07:00
INC-000060,MACH-12,2,matin,False,False,True,False,False,False,False,False,False,2025-06-21 10:38:00
INC-000061,MACH-05,3,apres-midi,False,False,False,False,False,False,True,False,False,2025-06-21 20:55:00
INC-000062,MACH-06,2,nuit,False,True,False,False,False,False,False,False,False,2025-06-22 00:14:00
INC-000063,MACH-09,2,nuit,False,False,False,False,True,False,False,False,False,2025-06-22 04:50:00
INC-000064,MACH-05,3,matin,False,False,False,True,False,False,False,False,False,2025-06-22 12:16:00
INC-000065,MACH-15,2,apres-midi,True,False,False,False,False,False,False,False,False,2025-06-22 15:26:00
INC-000066,MACH-13,3,apres-midi,False,False,True,False,False,False,False,False,False,2025-06-22 19:31:00
INC-000067,MACH-08,3,apres-midi,False,True,False,False,False,False,False,False,False,2025-06-22 20:15:00
INC-000068,MACH-06,3,nuit,False,True,False,False,False,False,False,False,False,2025-06-23 00:14:00
INC-000069,MACH-13,3,nuit,False,False,True,False,False,False,False,False,False,2025-06-23 23:16:00
INC-000070,MACH-06,4,nuit,False,True,False,False,False,False,False,False,False,2025-06-24 00:14:00
INC-000071,MACH-06,2,nuit,False,False,False,False,False,False,False,False,True,2025-06-24 01:51:00
INC-000072,MACH-06,3,matin,False,True,False,False,False,False,False,False,False,2025-06-24 09:57:00
INC-000073,MACH-06,3,nuit,False,False,False,False,False,False,False,False,True,2025-06-25 01:51:00
INC-000074,MACH-03,3,nuit,True,False,False,False,False,False,False,False,False,2025-06-25 05:43:00
INC-000075,MACH-12,2,matin,False,False,True,False,False,False,False,False,False,2025-06-25 10:09:00
INC-000076,MACH-03,2,matin,True,False,False,False,False,False,False,False,False,2025-06-25 10:21:00
INC-000077,MACH-03,3,matin,True,False,False,False,False,False,False,False,False,2025-06-25 10:48:00
INC-000078,MACH-15,2,apres-midi,False,False,False,False,False,False,True,False,False,2025-06-25 14:47:00
INC-000079,MACH-15,2,apres-midi,False,False,False,False,False,False,True,False,False,2025-06-25 14:48:00
INC-000080,MACH-09,3,apres-midi,False,False,False,False,False,False,True,False,False,2025-06-25 17:55:00
INC-000081,MACH-15,2,nuit,False,False,False,False,False,False,True,False,False,2025-06-26 00:07:00
INC-000082,MACH-06,4,nuit,False,False,False,False,False,False,False,False,True,2025-06-26 01:51:00
INC-000083,MACH-03,3,matin,True,False,False,False,False,False,False,False,False,2025-06-26 10:04:00
INC-000084,MACH-12,3,matin,False,False,True,False,False,False,False,False,False,2025-06-26 10:09:00
INC-000085,MACH-03,3,matin,True,False,False,False,False,False,False,False,False,2025-06-26 10:21:00
INC-000086,MACH-15,3,apres-midi,False,False,False,False,False,False,True,False,False,2025-06-26 14:28:00
INC-000087,MACH-15,3,apres-midi,False,False,False,False,False,False,True,False,False,2025-06-26 14:48:00
INC-000088,MACH-12,4,matin,False,False,True,False,False,False,False,False,False,2025-06-27 10:09:00
INC-000089,MACH-03,5,matin,True,False,False,False,False,False,False,False,False,2025-06-27 10:21:00
INC-000090,MACH-03,3,matin,False,False,False,False,True,False,False,False,False,2025-06-27 13:11:00
INC-000091,MACH-15,4,apres-midi,False,False,False,False,False,False,True,True,False,2025-06-27 14:48:00
INC-000092,MACH-10,2,matin,False,True,False,False,False,False,False,False,False,2025-06-30 07:53:00
INC-000093,MACH-09,3,matin,False,False,False,False,False,False,True,False,False,2025-07-01 07:19:00
INC-000094,MACH-10,3,matin,False,True,False,False,False,False,False,False,False,2025-07-01 07:53:00
INC-000095,MACH-05,3,apres-midi,False,False,False,False,False,False,False,False,True,2025-07-01 16:18:00
INC-000096,MACH-08,3,apres-midi,False,False,False,False,False,False,False,False,True,2025-07-01 20:53:00
INC-000097,MACH-13,2,matin,False,False,False,False,True,False,False,False,False,2025-07-02 06:33:00
INC-000098,MACH-10,4,matin,False,True,False,False,False,False,False,False,False,2025-07-02 07:53:00
INC-000099,MACH-08,2,apres-midi,False,False,False,True,False,False,False,False,False,2025-07-02 16:53:00
INC-000100,MACH-04,2,apres-midi,False,False,False,True,False,False,False,False,False,2025-07-02 21:35:00
INC-000101,MACH-10,2,matin,False,False,True,False,False,False,False,False,False,2025-07-03 06:09:00
INC-000102,MACH-13,3,matin,False,False,False,False,True,False,False,False,False,2025-07-03 06:10:00
INC-000103,MACH-13,3,matin,False,False,False,False,True,False,False,False,False,2025-07-03 06:33:00
INC-000104,MACH-03,2,nuit,False,False,False,False,True,False,False,False,False,2025-07-03 23:04:00
INC-000105,MACH-03,3,nuit,False,False,False,False,True,False,False,False,False,2025-07-03 23:17:00
INC-000106,MACH-13,4,matin,False,False,False,False,True,False,False,False,False,2025-07-04 06:33:00
INC-000107,MACH-03,3,apres-midi,False,False,False,False,True,False,False,False,False,2025-07-04 14:09:00
INC-000108,MACH-03,2,apres-midi,False,False,False,False,True,False,False,False,False,2025-07-04 14:10:00
INC-000109,MACH-09,3,apres-midi,False,False,False,False,False,False,True,False,False,2025-07-04 18:26:00
INC-000110,MACH-03,3,nuit,False,False,False,False,True,False,False,False,False,2025-07-04 23:04:00
INC-000111,MACH-03,3,nuit,False,False,False,False,True,False,False,False,False,2025-07-04 23:07:00
INC-000112,MACH-11,3,nuit,False,False,False,False,False,False,False,False,True,2025-07-05 01:31:00
INC-000113,MACH-03,3,apres-midi,False,False,False,False,True,False,False,False,False,2025-07-05 14:02:00
INC-000114,MACH-03,3,apres-midi,False,False,False,False,True,False,False,False,False,2025-07-05 14:10:00
INC-000115,MACH-03,2,apres-midi,False,True,False,False,False,False,False,False,False,2025-07-05 15:25:00
INC-000116,MACH-03,3,apres-midi,False,True,False,False,False,False,False,False,False,2025-07-05 15:41:00
INC-000117,MACH-03,5,nuit,False,False,False,False,True,False,False,False,False,2025-07-05 23:04:00
INC-000118,MACH-02,2,matin,False,False,False,False,False,False,False,False,True,2025-07-06 11:12:00
INC-000119,MACH-03,5,apres-midi,False,False,False,False,True,False,False,False,False,2025-07-06 14:10:00
INC-000120,MACH-03,3,apres-midi,False,True,False,False,False,False,False,False,False,2025-07-06 15:25:00
INC-000121,MACH-03,3,apres-midi,False,True,False,False,False,False,False,False,False,2025-07-06 15:48:00
INC-000122,MACH-06,2,nuit,False,False,False,False,False,False,False,False,True,2025-07-06 23:30:00
INC-000123,MACH-05,3,matin,False,False,True,False,False,False,False,False,False,2025-07-07 12:04:00
INC-000124,MACH-03,5,apres-midi,False,True,False,False,False,False,False,False,False,2025-07-07 15:25:00
INC-000125,MACH-06,3,nuit,False,False,False,False,False,False,False,False,True,2025-07-07 23:30:00
INC-000126,MACH-03,2,nuit,False,False,False,False,False,False,False,False,True,2025-07-08 05:29:00
INC-000127,MACH-03,3,nuit,False,False,False,False,False,False,False,False,True,2025-07-08 05:34:00
INC-000128,MACH-02,2,apres-midi,False,True,False,False,False,False,False,False,False,2025-07-08 19:46:00
INC-000129,MACH-06,4,nuit,False,False,False,False,False,False,False,False,True,2025-07-08 23:30:00
INC-000130,MACH-13,2,nuit,False,False,False,False,True,False,False,False,False,2025-07-09 04:31:00
INC-000131,MACH-13,3,nuit,False,False,False,False,True,False,False,False,False,2025-07-09 04:39:00
INC-000132,MACH-03,3,nuit,False,False,False,False,False,False,False,False,True,2025-07-09 05:29:00
INC-000133,MACH-03,3,nuit,False,False,False,False,False,False,False,False,True,2025-07-09 05:46:00
INC-000134,MACH-10,2,matin,False,False,False,False,True,False,False,False,False,2025-07-09 07:23:00
INC-000135,MACH-10,2,matin,True,False,False,False,False,False,False,False,False,2025-07-09 09:03:00
INC-000136,MACH-10,2,matin,True,False,False,False,False,False,False,False,False,2025-07-09 09:48:00
INC-000137,MACH-02,3,apres-midi,False,True,False,False,False,False,False,False,False,2025-07-09 19:46:00
INC-000138,MACH-05,3,nuit,False,False,False,False,False,False,False,False,True,2025-07-09 22:19:00
INC-000139,MACH-13,3,nuit,False,False,False,False,True,False,False,False,False,2025-07-10 04:31:00
INC-000140,MACH-13,3,nuit,False,False,False,False,True,False,False,False,False,2025-07-10 04:57:00
INC-000141,MACH-03,5,nuit,False,False,False,False,False,False,False,False,True,2025-07-10 05:29:00
INC-000142,MACH-08,3,matin,False,False,False,False,False,False,False,False,True,2025-07-10 08:42:00
INC-000143,MACH-10,3,matin,True,False,False,False,False,False,False,False,False,2025-07-10 09:03:00
INC-000144,MACH-10,3,matin,True,False,False,False,False,False,False,False,False,2025-07-10 09:50:00
INC-000145,MACH-02,4,apres-midi,False,True,False,False,False,False,False,False,False,2025-07-10 19:46:00
INC-000146,MACH-12,3,apres-midi,False,False,False,False,False,False,False,False,True,2025-07-10 21:49:00
INC-000147,MACH-13,4,nuit,False,False,False,False,True,False,False,False,False,2025-07-11 04:31:00
INC-000148,MACH-10,4,matin,True,False,False,False,False,False,False,True,False,2025-07-11 09:03:00
INC-000149,MACH-12,2,nuit,False,False,False,True,False,False,False,False,False,2025-07-12 03:51:00
INC-000150,MACH-12,3,nuit,False,False,False,True,False,False,False,False,False,2025-07-13 03:51:00
INC-000151,MACH-04,3,apres-midi,False,False,False,False,False,False,True,False,False,2025-07-13 20:11:00
INC-000152,MACH-12,4,nuit,False,False,False,True,False,False,False,False,False,2025-07-14 03:51:00
INC-000153,MACH-08,3,nuit,True,False,False,False,False,False,False,False,False,2025-07-15 01:14:00
INC-000154,MACH-03,3,nuit,False,False,False,False,True,False,False,False,False,2025-07-15 02:13:00
INC-000155,MACH-13,3,nuit,False,False,False,False,True,False,False,False,False,2025-07-15 05:15:00
INC-000156,MACH-09,2,matin,False,False,False,True,False,False,False,False,False,2025-07-15 09:55:00
INC-000157,MACH-08,2,nuit,False,False,False,False,True,False,False,False,False,2025-07-15 22:37:00
INC-000158,MACH-09,3,matin,False,False,False,True,False,False,False,False,False,2025-07-16 09:55:00
INC-000159,MACH-09,2,apres-midi,False,False,False,False,False,False,True,False,False,2025-07-16 16:03:00
INC-000160,MACH-10,3,matin,False,False,True,False,False,False,False,False,False,2025-07-17 08:33:00
INC-000161,MACH-09,5,matin,False,False,False,True,False,False,False,False,False,2025-07-17 09:55:00
INC-000162,MACH-09,3,apres-midi,False,False,False,False,False,False,True,False,False,2025-07-17 16:03:00
INC-000163,MACH-02,2,matin,False,False,False,False,False,False,False,False,True,2025-07-18 06:53:00
INC-000164,MACH-11,3,matin,False,False,False,False,False,False,True,False,False,2025-07-18 10:24:00
INC-000165,MACH-05,2,apres-midi,True,False,False,False,False,False,False,False,False,2025-07-18 14:17:00
INC-000166,MACH-09,5,apres-midi,False,False,False,False,False,False,True,False,False,2025-07-18 16:03:00
INC-000167,MACH-02,3,matin,False,False,False,False,False,False,False,False,True,2025-07-19 06:53:00
INC-000168,MACH-13,2,matin,False,False,False,False,True,False,False,False,False,2025-07-19 13:06:00
INC-000169,MACH-02,4,matin,False,False,False,False,False,False,False,False,True,2025-07-20 06:53:00
INC-000170,MACH-03,3,matin,False,False,False,False,True,False,False,False,False,2025-07-20 08:30:00
INC-000171,MACH-13,3,matin,False,False,False,False,True,False,False,False,False,2025-07-20 13:06:00
INC-000172,MACH-13,3,matin,False,False,False,False,True,False,False,False,False,2025-07-20 13:51:00
INC-000173,MACH-05,2,apres-midi,False,False,False,False,True,False,False,False,False,2025-07-20 18:07:00
INC-000174,MACH-06,2,nuit,False,False,False,False,True,False,False,False,False,2025-07-20 22:24:00
INC-000175,MACH-01,3,matin,False,False,True,False,False,False,False,False,False,2025-07-21 11:06:00
INC-000176,MACH-13,4,matin,False,False,False,False,True,False,False,False,False,2025-07-21 13:06:00
INC-000177,MACH-05,3,apres-midi,False,False,False,False,True,False,False,False,False,2025-07-21 18:07:00
INC-000178,MACH-06,3,nuit,False,False,False,False,True,False,False,False,False,2025-07-21 22:24:00
INC-000179,MACH-01,2,matin,False,False,False,False,False,False,True,False,False,2025-07-22 12:52:00
INC-000180,MACH-05,5,apres-midi,False,False,False,False,True,False,False,False,False,2025-07-22 18:07:00
INC-000181,MACH-10,2,apres-midi,False,True,False,False,False,False,False,False,False,2025-07-22 20:56:00
INC-000182,MACH-04,3,apres-midi,False,False,False,False,True,False,False,False,False,2025-07-22 21:03:00
INC-000183,MACH-06,4,nuit,False,False,False,False,True,False,False,False,False,2025-07-22 22:24:00
INC-000184,MACH-07,3,nuit,False,True,False,False,False,False,False,False,False,2025-07-22 23:53:00
INC-000185,MACH-13,2,nuit,False,False,False,False,False,False,True,False,False,2025-07-23 02:19:00
INC-000186,MACH-13,3,nuit,False,False,False,False,False,False,True,False,False,2025-07-23 02:40:00
INC-000187,MACH-01,3,matin,False,False,False,False,False,False,True,False,False,2025-07-23 12:06:00
INC-000188,MACH-01,3,matin,False,False,False,False,False,False,True,False,False,2025-07-23 12:52:00
INC-000189,MACH-10,3,apres-midi,False,True,False,False,False,False,False,False,False,2025-07-23 20:56:00
INC-000190,MACH-13,3,nuit,False,False,False,False,False,False,True,False,False,2025-07-24 02:19:00
INC-000191,MACH-13,3,nuit,False,False,False,False,False,False,True,False,False,2025-07-24 02:48:00
INC-000192,MACH-03,3,matin,False,False,False,True,False,False,False,False,False,2025-07-24 08:49:00
INC-000193,MACH-05,3,matin,False,False,False,False,False,False,False,False,True,2025-07-24 11:46:00
INC-000194,MACH-01,4,matin,False,False,False,False,False,False,True,False,False,2025-07-24 12:52:00
INC-000195,MACH-08,2,matin,True,False,False,False,False,False,False,False,False,2025-07-24 13:14:00
INC-000196,MACH-10,4,apres-midi,False,True,False,False,False,False,False,False,False,2025-07-24 20:56:00
INC-000197,MACH-13,4,nuit,False,False,False,False,False,False,True,False,False,2025-07-25 02:19:00
INC-000198,MACH-15,2,apres-midi,True,False,False,False,False,False,False,False,False,2025-07-25 17:36:00
INC-000199,MACH-15,2,apres-midi,True,False,False,False,False,False,False,False,False,2025-07-25 17:46:00
INC-000200,MACH-15,3,apres-midi,True,False,False,False,False,False,False,False,False,2025-07-26 17:34:00
INC-000201,MACH-15,3,apres-midi,True,False,False,False,False,False,False,False,False,2025-07-26 17:36:00
INC-000202,MACH-09,2,nuit,False,False,False,False,False,False,False,False,True,2025-07-26 23:08:00
INC-000203,MACH-09,2,nuit,False,False,False,False,False,False,False,False,True,2025-07-26 23:45:00
INC-000204,MACH-04,2,matin,False,False,True,False,False,False,False,False,False,2025-07-27 12:37:00
INC-000205,MACH-15,4,apres-midi,True,False,False,False,False,False,False,True,False,2025-07-27 17:36:00
INC-000206,MACH-15,3,apres-midi,False,False,True,False,False,False,False,False,False,2025-07-27 20:45:00
INC-000207,MACH-09,3,nuit,False,False,False,False,False,False,False,False,True,2025-07-27 23:08:00
INC-000208,MACH-09,3,nuit,False,False,False,False,False,False,False,False,True,2025-07-27 23:43:00
INC-000209,MACH-07,2,apres-midi,False,False,False,False,False,False,True,False,False,2025-07-28 14:48:00
INC-000210,MACH-06,2,apres-midi,False,False,False,True,False,False,False,False,False,2025-07-28 17:31:00
INC-000211,MACH-09,4,nuit,False,False,False,False,False,False,False,False,True,2025-07-28 23:08:00
INC-000212,MACH-07,3,apres-midi,False,False,False,False,False,False,True,False,False,2025-07-29 14:48:00
INC-000213,MACH-06,3,apres-midi,False,False,False,True,False,False,False,False,False,2025-07-29 17:31:00
INC-000214,MACH-06,2,apres-midi,False,False,True,False,False,False,False,False,False,2025-07-29 18:48:00
INC-000215,MACH-07,4,apres-midi,False,False,False,False,False,False,True,False,False,2025-07-30 14:48:00
INC-000216,MACH-06,4,apres-midi,False,False,False,True,False,False,False,False,False,2025-07-30 17:31:00
INC-000217,MACH-06,3,apres-midi,False,False,True,False,False,False,False,False,False,2025-07-30 18:48:00
INC-000218,MACH-14,2,nuit,False,False,False,True,False,False,False,False,False,2025-07-31 01:19:00
INC-000219,MACH-01,3,nuit,False,False,False,False,True,False,False,False,False,2025-07-31 04:30:00
INC-000220,MACH-11,3,matin,False,False,False,False,False,False,True,False,False,2025-07-31 11:56:00
INC-000221,MACH-03,3,apres-midi,False,False,False,False,False,False,True,False,False,2025-07-31 17:49:00
INC-000222,MACH-06,4,apres-midi,False,False,True,False,False,False,False,False,False,2025-07-31 18:48:00
INC-000223,MACH-09,2,apres-midi,False,False,False,True,False,False,False,False,False,2025-08-01 17:37:00
INC-000224,MACH-01,3,nuit,False,False,False,False,True,False,False,False,False,2025-08-02 02:27:00
INC-000225,MACH-09,2,matin,False,False,False,False,True,False,False,False,False,2025-08-02 09:45:00
INC-000226,MACH-08,3,matin,False,False,True,False,False,False,False,False,False,2025-08-02 12:22:00
INC-000227,MACH-09,3,apres-midi,False,False,False,True,False,False,False,False,False,2025-08-02 17:37:00
INC-000228,MACH-13,2,nuit,True,False,False,False,False,False,False,False,False,2025-08-02 22:08:00
INC-000229,MACH-13,3,nuit,True,False,False,False,False,False,False,False,False,2025-08-02 22:40:00
INC-000230,MACH-12,2,matin,False,True,False,False,False,False,False,False,False,2025-08-03 07:25:00
INC-000231,MACH-09,5,apres-midi,False,False,False,True,False,False,False,False,False,2025-08-03 17:37:00
INC-000232,MACH-13,3,nuit,True,False,False,False,False,False,False,False,False,2025-08-03 22:08:00
INC-000233,MACH-13,3,nuit,True,False,False,False,False,False,False,False,False,2025-08-03 22:15:00
INC-000234,MACH-05,3,nuit,False,False,False,False,False,False,True,False,False,2025-08-04 03:16:00
INC-000235,MACH-08,3,matin,False,False,False,False,True,False,False,False,False,2025-08-04 07:04:00
INC-000236,MACH-12,3,matin,False,True,False,False,False,False,False,False,False,2025-08-04 07:25:00
INC-000237,MACH-13,4,nuit,True,False,False,False,False,False,False,False,False,2025-08-04 22:08:00
INC-000238,MACH-12,4,matin,False,True,False,False,False,False,False,False,False,2025-08-05 07:25:00
INC-000239,MACH-15,2,matin,False,False,False,False,True,False,False,False,False,2025-08-05 10:28:00
INC-000240,MACH-10,3,matin,False,False,False,False,True,False,False,False,False,2025-08-05 11:10:00
INC-000241,MACH-01,2,nuit,False,False,False,True,False,False,False,False,False,2025-08-06 01:29:00
INC-000242,MACH-01,3,nuit,False,False,False,True,False,False,False,False,False,2025-08-07 01:29:00
INC-000243,MACH-01,3,nuit,False,False,False,True,False,False,False,False,False,2025-08-07 01:35:00
INC-000244,MACH-07,2,nuit,True,False,False,False,False,False,False,False,False,2025-08-07 04:14:00
INC-000245,MACH-10,3,apres-midi,False,False,False,True,False,False,False,False,False,2025-08-07 18:20:00
INC-000246,MACH-13,3,nuit,False,False,False,True,False,False,False,False,False,2025-08-08 00:21:00
INC-000247,MACH-01,4,nuit,False,False,False,True,False,False,False,False,False,2025-08-08 01:29:00
INC-000248,MACH-08,3,nuit,False,False,False,False,True,False,False,False,False,2025-08-08 02:21:00
INC-000249,MACH-09,2,matin,False,True,False,False,False,False,False,False,False,2025-08-08 13:43:00
INC-000250,MACH-08,3,apres-midi,False,False,False,False,False,False,False,False,True,2025-08-09 14:25:00
INC-000251,MACH-12,3,matin,False,False,False,False,False,False,True,False,False,2025-08-10 12:22:00
INC-000252,MACH-14,2,nuit,False,False,False,True,False,False,False,False,False,2025-08-10 22:11:00
INC-000253,MACH-05,2,matin,False,True,False,False,False,False,False,False,False,2025-08-11 12:46:00
INC-000254,MACH-08,3,nuit,False,False,True,False,False,False,False,False,False,2025-08-11 22:40:00
INC-000255,MACH-03,3,nuit,False,False,False,True,False,False,False,False,False,2025-08-11 23:14:00
INC-000256,MACH-05,3,matin,False,True,False,False,False,False,False,False,False,2025-08-12 12:46:00
INC-000257,MACH-15,3,matin,False,False,False,False,True,False,False,False,False,2025-08-13 08:17:00
INC-000258,MACH-05,5,matin,False,True,False,False,False,False,False,False,False,2025-08-13 12:46:00
INC-000259,MACH-02,3,matin,False,False,False,False,True,False,False,False,False,2025-08-14 13:55:00
INC-000260,MACH-01,2,nuit,False,True,False,False,False,False,False,False,False,2025-08-14 23:28:00
INC-000261,MACH-07,3,apres-midi,False,False,True,False,False,False,False,False,False,2025-08-15 15:53:00
INC-000262,MACH-01,3,nuit,False,True,False,False,False,False,False,False,False,2025-08-15 23:28:00
INC-000263,MACH-01,3,nuit,False,True,False,False,False,False,False,False,False,2025-08-15 23:49:00
INC-000264,MACH-05,2,nuit,False,False,True,False,False,False,False,False,False,2025-08-16 03:19:00
INC-000265,MACH-01,4,nuit,False,True,False,False,False,False,False,False,False,2025-08-16 23:28:00
INC-000266,MACH-05,3,nuit,False,False,True,False,False,False,False,False,False,2025-08-17 03:19:00
INC-000267,MACH-12,3,apres-midi,False,True,False,False,False,False,False,False,False,2025-08-17 19:44:00
INC-000268,MACH-05,5,nuit,False,False,True,False,False,False,False,False,False,2025-08-18 03:19:00
INC-000269,MACH-14,2,matin,False,False,False,False,False,False,True,False,False,2025-08-18 10:49:00
INC-000270,MACH-06,3,matin,False,True,False,False,False,False,False,False,False,2025-08-19 06:27:00
INC-000271,MACH-14,3,matin,False,False,False,False,False,False,True,False,False,2025-08-19 10:49:00
INC-000272,MACH-09,2,nuit,True,False,False,False,False,False,False,False,False,2025-08-19 22:32:00
INC-000273,MACH-07,3,matin,False,False,True,False,False,False,False,False,False,2025-08-20 07:55:00
INC-000274,MACH-14,4,matin,False,False,False,False,False,False,True,False,False,2025-08-20 10:49:00
INC-000275,MACH-14,3,apres-midi,False,False,False,False,False,False,False,False,True,2025-08-20 14:28:00
INC-000276,MACH-13,3,apres-midi,False,False,False,False,True,False,False,False,False,2025-08-20 20:38:00
INC-000277,MACH-09,3,nuit,True,False,False,False,False,False,False,False,False,2025-08-20 22:12:00
INC-000278,MACH-09,3,nuit,True,False,False,False,False,False,False,False,False,2025-08-20 22:32:00
INC-000279,MACH-08,2,apres-midi,False,False,False,True,False,False,False,False,False,2025-08-21 18:46:00
INC-000280,MACH-09,4,nuit,True,False,False,False,False,False,False,True,False,2025-08-21 22:32:00
INC-000281,MACH-03,3,nuit,False,False,True,False,False,False,False,False,False,2025-08-22 02:31:00
INC-000282,MACH-08,3,matin,False,False,False,False,False,False,False,False,True,2025-08-22 12:44:00
INC-000283,MACH-15,3,matin,False,False,True,False,False,False,False,False,False,2025-08-23 13:37:00
INC-000284,MACH-07,2,nuit,False,False,False,True,False,False,False,False,False,2025-08-24 23:05:00
INC-000285,MACH-10,2,nuit,False,False,False,False,True,False,False,False,False,2025-08-25 02:17:00
INC-000286,MACH-07,3,matin,False,False,True,False,False,False,False,False,False,2025-08-26 11:11:00
INC-000287,MACH-06,2,matin,True,False,False,False,False,False,False,False,False,2025-08-26 11:40:00
INC-000288,MACH-09,2,matin,False,False,False,False,False,True,False,False,False,2025-08-26 13:42:00
INC-000289,MACH-15,3,apres-midi,False,False,False,False,False,False,False,False,True,2025-08-26 20:03:00
INC-000290,MACH-12,2,matin,False,False,False,True,False,False,False,False,False,2025-08-27 09:12:00
INC-000291,MACH-10,2,matin,True,False,False,False,False,False,False,False,False,2025-08-27 10:35:00
INC-000292,MACH-06,3,matin,True,False,False,False,False,False,False,False,False,2025-08-27 11:40:00
INC-000293,MACH-06,4,matin,True,False,False,False,False,False,False,False,False,2025-08-28 11:40:00
INC-000294,MACH-08,3,apres-midi,False,False,False,True,False,False,False,False,False,2025-08-28 19:29:00
INC-000295,MACH-06,2,apres-midi,False,False,False,False,False,False,True,False,False,2025-08-28 21:06:00
INC-000296,MACH-01,3,nuit,False,False,False,False,False,False,True,False,False,2025-08-29 00:50:00
INC-000297,MACH-06,3,apres-midi,False,False,False,False,False,False,True,False,False,2025-08-29 21:06:00
INC-000298,MACH-11,2,nuit,False,False,False,False,False,False,True,False,False,2025-08-30 02:08:00
INC-000299,MACH-15,3,nuit,True,False,False,False,False,False,False,False,False,2025-08-30 03:55:00
INC-000300,MACH-06,3,matin,False,True,False,False,False,False,False,False,False,2025-08-30 12:36:00
INC-000301,MACH-05,2,matin,False,False,False,False,False,False,False,False,True,2025-08-30 12:37:00
INC-000302,MACH-06,4,apres-midi,False,False,False,False,False,False,True,False,False,2025-08-30 21:06:00
INC-000303,MACH-01,3,nuit,False,False,False,False,True,False,False,False,False,2025-08-30 22:36:00
INC-000304,MACH-08,2,apres-midi,False,False,False,False,False,False,True,False,False,2025-08-31 16:42:00
INC-000305,MACH-08,2,apres-midi,False,False,False,False,False,False,True,False,False,2025-08-31 16:54:00
INC-000306,MACH-08,3,apres-midi,False,False,False,False,False,False,True,False,False,2025-09-01 16:34:00
INC-000307,MACH-08,3,apres-midi,False,False,False,False,False,False,True,False,False,2025-09-01 16:54:00
INC-000308,MACH-05,2,apres-midi,False,False,False,False,False,False,False,False,True,2025-09-01 19:55:00
INC-000309,MACH-03,3,nuit,False,True,False,False,False,False,False,False,False,2025-09-02 01:05:00
INC-000310,MACH-03,2,nuit,False,True,False,False,False,False,False,False,False,2025-09-02 01:10:00
INC-000311,MACH-08,3,apres-midi,False,False,False,False,False,False,True,False,False,2025-09-02 15:30:00
INC-000312,MACH-08,4,apres-midi,False,False,False,False,False,False,True,False,False,2025-09-02 16:54:00
INC-000313,MACH-05,3,apres-midi,False,False,False,False,False,False,False,False,True,2025-09-02 19:55:00
INC-000314,MACH-03,3,nuit,False,True,False,False,False,False,False,False,False,2025-09-03 01:08:00
INC-000315,MACH-03,3,nuit,False,True,False,False,False,False,False,False,False,2025-09-03 01:10:00
INC-000316,MACH-13,2,matin,True,False,False,False,False,False,False,False,False,2025-09-03 12:34:00
INC-000317,MACH-13,3,matin,True,False,False,False,False,False,False,False,False,2025-09-03 12:55:00
INC-000318,MACH-05,5,apres-midi,False,False,False,False,False,False,False,False,True,2025-09-03 19:55:00
INC-000319,MACH-03,4,nuit,False,True,False,False,False,False,False,False,False,2025-09-04 01:10:00
INC-000320,MACH-13,3,matin,True,False,False,False,False,False,False,False,False,2025-09-04 12:34:00
INC-000321,MACH-13,3,matin,True,False,False,False,False,False,False,False,False,2025-09-04 12:46:00
INC-000322,MACH-14,3,nuit,False,False,False,False,True,False,False,False,False,2025-09-05 00:24:00
INC-000323,MACH-13,4,matin,True,False,False,False,False,False,False,False,False,2025-09-05 12:34:00
INC-000324,MACH-03,3,apres-midi,False,False,False,True,False,False,False,False,False,2025-09-05 21:26:00
INC-000325,MACH-03,2,apres-midi,False,False,False,True,False,False,False,False,False,2025-09-05 21:54:00
INC-000326,MACH-06,2,apres-midi,False,False,False,False,False,False,True,False,False,2025-09-06 14:06:00
INC-000327,MACH-06,2,apres-midi,False,False,False,False,False,False,True,False,False,2025-09-06 14:45:00
INC-000328,MACH-03,3,apres-midi,False,False,False,True,False,False,False,False,False,2025-09-06 21:54:00
INC-000329,MACH-03,3,apres-midi,False,False,False,True,False,False,False,False,False,2025-09-06 21:57:00
INC-000330,MACH-03,3,matin,False,False,False,True,False,False,False,False,False,2025-09-07 09:46:00
INC-000331,MACH-06,3,apres-midi,False,False,False,False,False,False,True,False,False,2025-09-07 14:06:00
INC-000332,MACH-06,3,apres-midi,False,False,False,False,False,False,True,False,False,2025-09-07 14:54:00
INC-000333,MACH-03,4,apres-midi,False,False,False,True,False,False,False,False,False,2025-09-07 21:54:00
INC-000334,MACH-06,4,apres-midi,False,False,False,False,False,False,True,False,False,2025-09-08 14:06:00
INC-000335,MACH-04,2,apres-midi,False,False,False,False,True,False,False,False,False,2025-09-08 19:06:00
INC-000336,MACH-01,2,nuit,False,False,True,False,False,False,False,False,False,2025-09-08 22:30:00
INC-000337,MACH-04,3,apres-midi,False,False,False,False,True,False,False,False,False,2025-09-09 19:06:00
INC-000338,MACH-01,3,nuit,False,False,True,False,False,False,False,False,False,2025-09-09 22:30:00
INC-000339,MACH-01,3,nuit,False,False,True,False,False,False,False,False,False,2025-09-09 22:42:00
INC-000340,MACH-11,2,apres-midi,False,False,False,False,False,False,False,False,True,2025-09-10 15:34:00
INC-000341,MACH-08,2,apres-midi,False,False,False,True,False,False,False,False,False,2025-09-10 16:03:00
INC-000342,MACH-04,4,apres-midi,False,False,False,False,True,False,False,False,False,2025-09-10 19:06:00
INC-000343,MACH-01,4,nuit,False,False,True,False,False,False,False,False,False,2025-09-10 22:30:00
INC-000344,MACH-02,3,apres-midi,False,False,False,False,False,False,True,False,False,2025-09-11 19:10:00
INC-000345,MACH-14,2,apres-midi,False,False,False,True,False,False,False,False,False,2025-09-11 19:36:00
INC-000346,MACH-03,3,nuit,False,False,False,True,False,False,False,False,False,2025-09-12 02:10:00
INC-000347,MACH-03,2,nuit,False,False,False,True,False,False,False,False,False,2025-09-12 02:39:00
INC-000348,MACH-13,3,apres-midi,False,False,False,False,False,False,False,False,True,2025-09-12 14:08:00
INC-000349,MACH-01,2,nuit,False,False,False,False,False,False,True,False,False,2025-09-12 22:44:00
INC-000350,MACH-03,3,nuit,False,False,False,True,False,False,False,False,False,2025-09-13 02:01:00
INC-000351,MACH-03,3,nuit,False,False,False,True,False,False,False,False,False,2025-09-13 02:39:00
INC-000352,MACH-10,2,matin,False,False,False,False,False,False,True,False,False,2025-09-13 08:29:00
INC-000353,MACH-09,3,matin,True,False,False,False,False,False,False,False,False,2025-09-13 12:33:00
INC-000354,MACH-01,3,nuit,False,False,False,False,False,False,True,False,False,2025-09-13 22:28:00
INC-000355,MACH-01,3,nuit,False,False,False,False,False,False,True,False,False,2025-09-13 22:44:00
INC-000356,MACH-04,3,nuit,False,True,False,False,False,False,False,False,False,2025-09-14 00:27:00
INC-000357,MACH-03,4,nuit,False,False,False,True,False,False,False,False,False,2025-09-14 02:39:00
INC-000358,MACH-13,2,nuit,False,False,True,False,False,False,False,False,False,2025-09-14 03:08:00
INC-000359,MACH-13,3,nuit,False,False,True,False,False,False,False,False,False,2025-09-14 03:30:00
INC-000360,MACH-10,3,matin,False,False,False,False,False,False,True,False,False,2025-09-14 08:29:00
INC-000361,MACH-08,3,apres-midi,False,False,False,True,False,False,False,False,False,2025-09-14 14:42:00
INC-000362,MACH-01,4,nuit,False,False,False,False,False,False,True,False,False,2025-09-14 22:44:00
INC-000363,MACH-13,3,nuit,False,False,True,False,False,False,False,False,False,2025-09-15 03:08:00
INC-000364,MACH-13,3,nuit,False,False,True,False,False,False,False,False,False,2025-09-15 03:53:00
INC-000365,MACH-10,4,matin,False,False,False,False,False,False,True,False,False,2025-09-15 08:29:00
INC-000366,MACH-11,3,nuit,False,False,False,False,False,False,False,False,True,2025-09-15 22:14:00
INC-000367,MACH-08,3,nuit,False,False,True,False,False,False,False,False,False,2025-09-16 01:35:00
INC-000368,MACH-13,4,nuit,False,False,True,False,False,False,False,False,False,2025-09-16 03:08:00
INC-000369,MACH-10,2,nuit,False,False,False,False,False,False,True,False,False,2025-09-17 02:54:00
INC-000370,MACH-10,3,nuit,False,False,False,False,False,False,True,False,False,2025-09-18 02:54:00
INC-000371,MACH-10,4,nuit,False,False,False,False,False,False,True,False,False,2025-09-19 02:54:00
INC-000372,MACH-15,2,nuit,False,False,False,False,False,False,True,False,False,2025-09-19 04:28:00
INC-000373,MACH-15,2,nuit,False,False,False,False,False,False,True,False,False,2025-09-19 04:49:00
INC-000374,MACH-01,2,nuit,False,False,False,False,False,False,True,False,False,2025-09-20 03:07:00
INC-000375,MACH-01,2,nuit,False,False,False,False,False,False,True,False,False,2025-09-20 03:24:00
INC-000376,MACH-15,3,nuit,False,False,False,False,False,False,True,False,False,2025-09-20 04:28:00
INC-000377,MACH-15,3,nuit,False,False,False,False,False,False,True,False,False,2025-09-20 04:45:00
INC-000378,MACH-14,2,matin,False,False,False,True,False,False,False,False,False,2025-09-20 06:45:00
INC-000379,MACH-01,2,nuit,False,False,False,False,False,False,False,False,True,2025-09-20 22:07:00
INC-000380,MACH-01,2,nuit,False,False,False,False,False,False,False,False,True,2025-09-20 22:39:00
INC-000381,MACH-01,3,nuit,False,False,False,False,False,False,True,False,False,2025-09-21 03:05:00
INC-000382,MACH-01,3,nuit,False,False,False,False,False,False,True,False,False,2025-09-21 03:24:00
INC-000383,MACH-15,4,nuit,False,False,False,False,False,False,True,False,False,2025-09-21 04:28:00
INC-000384,MACH-13,3,nuit,False,False,False,False,False,False,False,False,True,2025-09-21 05:38:00
INC-000385,MACH-13,2,nuit,False,False,False,False,False,False,False,False,True,2025-09-21 05:42:00
INC-000386,MACH-14,3,matin,False,False,False,True,False,False,False,False,False,2025-09-21 06:45:00
INC-000387,MACH-01,3,nuit,False,False,False,False,False,False,False,False,True,2025-09-21 22:39:00
INC-000388,MACH-01,3,nuit,False,False,False,False,False,False,False,False,True,2025-09-21 22:42:00
INC-000389,MACH-01,4,nuit,False,False,False,False,False,False,True,False,False,2025-09-22 03:24:00
INC-000390,MACH-13,3,nuit,False,False,False,False,False,False,False,False,True,2025-09-22 05:42:00
INC-000391,MACH-13,3,nuit,False,False,False,False,False,False,False,False,True,2025-09-22 05:53:00
INC-000392,MACH-14,4,matin,False,False,False,True,False,False,False,False,False,2025-09-22 06:45:00
INC-000393,MACH-09,2,apres-midi,True,False,False,False,False,False,False,False,False,2025-09-22 14:20:00
INC-000394,MACH-04,3,apres-midi,False,False,True,False,False,False,False,False,False,2025-09-22 16:12:00
INC-000395,MACH-01,4,nuit,False,False,False,False,False,False,False,False,True,2025-09-22 22:39:00
INC-000396,MACH-13,4,nuit,False,False,False,False,False,False,False,False,True,2025-09-23 05:42:00
INC-000397,MACH-09,3,apres-midi,True,False,False,False,False,False,False,False,False,2025-09-23 14:20:00
INC-000398,MACH-09,5,apres-midi,True,False,False,False,False,False,False,False,False,2025-09-24 14:20:00
INC-000399,MACH-11,2,matin,True,False,False,False,False,False,False,False,False,2025-09-25 06:43:00
INC-000400,MACH-03,2,matin,False,False,False,True,False,False,False,False,False,2025-09-25 10:16:00
INC-000401,MACH-03,3,matin,False,False,False,True,False,False,False,False,False,2025-09-25 10:52:00
INC-000402,MACH-03,3,matin,False,False,False,True,False,False,False,False,False,2025-09-26 10:16:00
INC-000403,MACH-03,3,matin,False,False,False,True,False,False,False,False,False,2025-09-26 10:47:00
INC-000404,MACH-05,3,apres-midi,False,True,False,False,False,False,False,False,False,2025-09-26 15:44:00
INC-000405,MACH-09,2,apres-midi,False,False,True,False,False,False,False,False,False,2025-09-26 21:31:00
INC-000406,MACH-08,3,nuit,False,False,False,True,False,False,False,False,False,2025-09-27 04:37:00
INC-000407,MACH-03,5,matin,False,False,False,True,False,False,False,False,False,2025-09-27 10:16:00
INC-000408,MACH-04,3,matin,False,False,False,True,False,False,False,False,False,2025-09-27 12:46:00
INC-000409,MACH-09,3,apres-midi,False,False,True,False,False,False,False,False,False,2025-09-27 21:31:00
INC-000410,MACH-06,3,matin,False,False,True,False,False,False,False,False,False,2025-09-28 07:21:00
INC-000411,MACH-09,5,apres-midi,False,False,True,False,False,False,False,False,False,2025-09-28 21:31:00
INC-000412,MACH-11,3,matin,False,False,False,False,False,False,False,False,True,2025-09-29 13:18:00
INC-000413,MACH-03,3,apres-midi,False,False,False,False,False,False,False,False,True,2025-09-30 16:18:00
INC-000414,MACH-11,2,matin,False,True,False,False,False,False,False,False,False,2025-10-01 11:09:00
INC-000415,MACH-06,3,matin,False,False,True,False,False,False,False,False,False,2025-10-01 13:09:00
INC-000416,MACH-08,3,matin,False,True,False,False,False,False,False,False,False,2025-10-02 07:05:00
INC-000417,MACH-11,3,matin,False,False,False,True,False,False,False,False,False,2025-10-02 13:54:00
INC-000418,MACH-14,2,apres-midi,True,False,False,False,False,False,False,False,False,2025-10-02 19:55:00
INC-000419,MACH-12,2,apres-midi,False,False,False,False,False,False,False,False,True,2025-10-02 20:54:00
INC-000420,MACH-07,3,nuit,True,False,False,False,False,False,False,False,False,2025-10-03 03:32:00
INC-000421,MACH-11,2,matin,True,False,False,False,False,False,False,False,False,2025-10-03 13:25:00
INC-000422,MACH-11,2,matin,True,False,False,False,False,False,False,False,False,2025-10-03 13:35:00
INC-000423,MACH-01,2,apres-midi,False,False,False,False,True,False,False,False,False,2025-10-03 16:28:00
INC-000424,MACH-14,3,apres-midi,True,False,False,False,False,False,False,False,False,2025-10-03 19:55:00
INC-000425,MACH-12,3,apres-midi,False,False,False,False,False,False,False,False,True,2025-10-03 20:54:00
INC-000426,MACH-10,3,matin,False,False,False,True,False,False,False,False,False,2025-10-04 07:22:00
INC-000427,MACH-03,3,matin,False,False,False,True,False,False,False,False,False,2025-10-04 08:08:00
INC-000428,MACH-03,2,matin,False,False,False,True,False,False,False,False,False,2025-10-04 08:57:00
INC-000429,MACH-11,3,matin,True,False,False,False,False,False,False,False,False,2025-10-04 13:35:00
INC-000430,MACH-11,3,matin,True,False,False,False,False,False,False,False,False,2025-10-04 13:42:00
INC-000431,MACH-13,3,apres-midi,False,False,False,False,False,False,False,False,True,2025-10-04 15:11:00
INC-000432,MACH-01,3,apres-midi,False,False,False,False,True,False,False,False,False,2025-10-04 16:28:00
INC-000433,MACH-01,3,apres-midi,False,False,False,False,True,False,False,False,False,2025-10-04 16:32:00
INC-000434,MACH-14,4,apres-midi,True,False,False,False,False,False,False,False,False,2025-10-04 19:55:00
INC-000435,MACH-12,4,apres-midi,False,False,False,False,False,False,False,False,True,2025-10-04 20:54:00
INC-000436,MACH-13,3,nuit,False,False,True,False,False,False,False,False,False,2025-10-05 03:21:00
INC-000437,MACH-13,2,nuit,False,False,True,False,False,False,False,False,False,2025-10-05 03:25:00
INC-000438,MACH-03,3,matin,False,False,False,True,False,False,False,False,False,2025-10-05 08:45:00
INC-000439,MACH-03,3,matin,False,False,False,True,False,False,False,False,False,2025-10-05 08:57:00
INC-000440,MACH-11,4,matin,True,False,False,False,False,False,False,False,False,2025-10-05 13:35:00
INC-000441,MACH-01,4,apres-midi,False,False,False,False,True,False,False,False,False,2025-10-05 16:28:00
INC-000442,MACH-12,2,apres-midi,False,False,False,False,False,False,True,False,False,2025-10-05 21:16:00
INC-000443,MACH-03,3,nuit,False,False,True,False,False,False,False,False,False,2025-10-06 02:08:00
INC-000444,MACH-03,2,nuit,False,False,True,False,False,False,False,False,False,2025-10-06 02:49:00
INC-000445,MACH-13,3,nuit,False,False,True,False,False,False,False,False,False,2025-10-06 03:22:00
INC-000446,MACH-13,3,nuit,False,False,True,False,False,False,False,False,False,2025-10-06 03:25:00
INC-000447,MACH-11,2,nuit,False,False,True,False,False,False,False,False,False,2025-10-06 05:38:00
INC-000448,MACH-03,5,matin,False,False,False,True,False,False,False,False,False,2025-10-06 08:57:00
INC-000449,MACH-11,3,matin,False,False,False,False,False,False,True,False,False,2025-10-06 10:01:00
INC-000450,MACH-07,3,matin,True,False,False,False,False,False,False,False,False,2025-10-06 11:41:00
INC-000451,MACH-12,3,apres-midi,False,False,False,False,False,False,True,False,False,2025-10-06 21:16:00
INC-000452,MACH-12,2,nuit,True,False,False,False,False,False,False,False,False,2025-10-07 02:28:00
INC-000453,MACH-03,3,nuit,False,False,True,False,False,False,False,False,False,2025-10-07 02:49:00
INC-000454,MACH-12,2,nuit,True,False,False,False,False,False,False,False,False,2025-10-07 02:49:00
INC-000455,MACH-03,3,nuit,False,False,True,False,False,False,False,False,False,2025-10-07 02:55:00
INC-000456,MACH-13,4,nuit,False,False,True,False,False,False,False,False,False,2025-10-07 03:25:00
INC-000457,MACH-06,2,matin,False,False,True,False,False,False,False,False,False,2025-10-07 10:02:00
INC-000458,MACH-13,3,matin,False,False,False,False,False,False,True,False,False,2025-10-07 13:07:00
INC-000459,MACH-13,2,matin,False,False,False,False,False,False,True,False,False,2025-10-07 13:40:00
INC-000460,MACH-12,4,apres-midi,False,False,False,False,False,False,True,False,False,2025-10-07 21:16:00
INC-000461,MACH-12,3,nuit,True,False,False,False,False,False,False,False,False,2025-10-08 02:28:00
INC-000462,MACH-03,5,nuit,False,False,True,False,False,False,False,False,False,2025-10-08 02:49:00
INC-000463,MACH-12,3,nuit,True,False,False,False,False,False,False,False,False,2025-10-08 02:51:00
INC-000464,MACH-06,3,matin,False,False,True,False,False,False,False,False,False,2025-10-08 10:02:00
INC-000465,MACH-14,2,matin,False,False,False,False,False,False,True,False,False,2025-10-08 11:37:00
INC-000466,MACH-13,3,matin,False,False,False,False,False,False,True,False,False,2025-10-08 13:07:00
INC-000467,MACH-13,3,matin,False,False,False,False,False,False,True,False,False,2025-10-08 13:40:00
INC-000468,MACH-08,2,nuit,False,False,False,False,False,False,True,False,False,2025-10-09 01:07:00
INC-000469,MACH-12,4,nuit,True,False,False,False,False,False,False,True,False,2025-10-09 02:28:00
INC-000470,MACH-01,3,nuit,False,False,False,False,False,False,False,False,True,2025-10-09 03:34:00
INC-000471,MACH-06,4,matin,False,False,True,False,False,False,False,False,False,2025-10-09 10:02:00
INC-000472,MACH-13,4,matin,False,False,False,False,False,False,True,False,False,2025-10-09 13:40:00
INC-000473,MACH-07,3,matin,False,True,False,False,False,False,False,False,False,2025-10-10 08:01:00
INC-000474,MACH-01,2,apres-midi,False,False,False,False,False,False,True,False,False,2025-10-11 16:25:00
INC-000475,MACH-14,2,nuit,True,False,False,False,False,False,False,False,False,2025-10-11 22:56:00
INC-000476,MACH-12,3,nuit,False,False,False,False,False,False,True,False,False,2025-10-11 23:26:00
INC-000477,MACH-01,3,apres-midi,False,False,False,False,False,False,True,False,False,2025-10-12 16:25:00
INC-000478,MACH-01,3,apres-midi,False,False,False,False,False,False,True,False,False,2025-10-12 16:42:00
INC-000479,MACH-01,3,nuit,False,False,False,False,False,False,True,False,False,2025-10-12 22:48:00
INC-000480,MACH-14,3,nuit,True,False,False,False,False,False,False,False,False,2025-10-12 22:56:00
INC-000481,MACH-01,4,apres-midi,False,False,False,False,False,False,True,False,False,2025-10-13 16:25:00
INC-000482,MACH-15,2,apres-midi,False,False,False,False,False,False,True,False,False,2025-10-13 20:17:00
INC-000483,MACH-14,4,nuit,True,False,False,False,False,False,False,False,False,2025-10-13 22:56:00
INC-000484,MACH-11,3,matin,False,False,False,False,True,False,False,False,False,2025-10-14 11:27:00
INC-000485,MACH-05,3,nuit,False,False,False,True,False,False,False,False,False,2025-10-15 00:18:00
INC-000486,MACH-12,2,apres-midi,False,False,False,True,False,False,False,False,False,2025-10-18 20:01:00
INC-000487,MACH-02,3,apres-midi,False,True,False,False,False,False,False,False,False,2025-10-18 20:26:00
INC-000488,MACH-07,3,apres-midi,False,False,False,False,False,False,False,False,True,2025-10-19 16:18:00
INC-000489,MACH-15,2,nuit,False,False,False,True,False,False,False,False,False,2025-10-21 01:30:00
INC-000490,MACH-15,3,matin,False,False,False,False,False,False,False,False,True,2025-10-21 13:53:00
INC-000491,MACH-09,3,apres-midi,True,False,False,False,False,False,False,False,False,2025-10-22 21:43:00
INC-000492,MACH-01,3,apres-midi,True,False,False,False,False,False,False,False,False,2025-10-23 16:45:00
INC-000493,MACH-09,3,matin,False,False,False,False,True,False,False,False,False,2025-10-24 13:32:00
INC-000494,MACH-08,3,nuit,False,False,False,False,False,False,True,False,False,2025-10-24 22:07:00
INC-000495,MACH-05,3,nuit,False,False,True,False,False,False,False,False,False,2025-10-25 01:23:00
INC-000496,MACH-15,3,matin,False,False,True,False,False,False,False,False,False,2025-10-25 09:57:00
INC-000497,MACH-08,3,matin,False,False,False,True,False,False,False,False,False,2025-10-25 11:03:00
INC-000498,MACH-15,2,apres-midi,False,False,False,False,True,False,False,False,False,2025-10-25 18:51:00
INC-000499,MACH-15,2,nuit,False,False,False,False,False,False,True,False,False,2025-10-25 23:40:00
INC-000500,MACH-01,3,nuit,True,False,False,False,False,False,False,False,False,2025-10-26 00:17:00
INC-000501,MACH-15,2,nuit,False,False,False,False,False,False,False,False,True,2025-10-26 03:45:00
INC-000502,MACH-13,3,nuit,False,False,False,False,False,False,True,False,False,2025-10-27 05:48:00
INC-000503,MACH-14,3,apres-midi,False,False,False,False,True,False,False,False,False,2025-10-27 16:03:00
INC-000504,MACH-08,3,nuit,False,False,False,False,False,False,True,False,False,2025-10-28 00:38:00
INC-000505,MACH-13,2,apres-midi,False,False,False,False,True,False,False,False,False,2025-10-30 14:08:00
INC-000506,MACH-13,3,apres-midi,False,False,False,False,True,False,False,False,False,2025-10-30 14:57:00
INC-000507,MACH-13,3,matin,False,False,False,False,False,False,False,False,True,2025-10-31 06:02:00
INC-000508,MACH-13,3,apres-midi,False,False,False,False,True,False,False,False,False,2025-10-31 14:08:00
INC-000509,MACH-13,3,apres-midi,False,False,False,False,True,False,False,False,False,2025-10-31 14:38:00
INC-000510,MACH-13,4,apres-midi,False,False,False,False,True,False,False,False,False,2025-11-01 14:08:00
INC-000511,MACH-11,2,nuit,False,False,False,True,False,False,False,False,False,2025-11-01 22:38:00
INC-000512,MACH-01,3,nuit,True,False,False,False,False,False,False,False,False,2025-11-02 05:36:00
INC-000513,MACH-07,2,nuit,False,False,False,True,False,False,False,False,False,2025-11-03 04:06:00
INC-000514,MACH-05,3,matin,False,False,False,False,False,False,False,False,True,2025-11-06 09:39:00
INC-000515,MACH-05,3,nuit,False,False,False,False,True,False,False,False,False,2025-11-08 04:52:00
INC-000516,MACH-14,2,apres-midi,False,False,False,False,False,False,True,False,False,2025-11-08 16:26:00
INC-000517,MACH-14,2,apres-midi,False,False,False,True,False,False,False,False,False,2025-11-08 18:09:00
INC-000518,MACH-12,3,apres-midi,True,False,False,False,False,False,False,False,False,2025-11-08 20:50:00
INC-000519,MACH-10,2,matin,False,False,False,False,False,False,True,False,False,2025-11-09 06:45:00
INC-000520,MACH-14,3,apres-midi,False,False,False,False,False,False,True,False,False,2025-11-09 16:26:00
INC-000521,MACH-14,3,apres-midi,False,False,False,True,False,False,False,False,False,2025-11-09 18:09:00
INC-000522,MACH-01,3,apres-midi,False,False,False,False,False,False,False,False,True,2025-11-09 20:02:00
INC-000523,MACH-13,3,apres-midi,False,False,False,False,True,False,False,False,False,2025-11-09 21:15:00
INC-000524,MACH-13,2,apres-midi,False,False,False,False,True,False,False,False,False,2025-11-09 21:38:00
INC-000525,MACH-05,3,nuit,False,False,False,False,False,False,True,False,False,2025-11-09 22:14:00
INC-000526,MACH-10,3,matin,False,False,False,False,False,False,True,False,False,2025-11-10 06:45:00
INC-000527,MACH-14,4,apres-midi,False,False,False,False,False,False,True,False,False,2025-11-10 16:26:00
INC-000528,MACH-14,4,apres-midi,False,False,False,True,False,False,False,False,False,2025-11-10 18:09:00
INC-000529,MACH-13,3,apres-midi,False,False,False,False,True,False,False,False,False,2025-11-10 21:38:00
INC-000530,MACH-13,3,apres-midi,False,False,False,False,True,False,False,False,False,2025-11-10 21:49:00
INC-000531,MACH-10,4,matin,False,False,False,False,False,False,True,False,False,2025-11-11 06:45:00
INC-000532,MACH-10,3,matin,False,False,False,False,True,False,False,False,False,2025-11-11 10:12:00
INC-000533,MACH-09,3,apres-midi,False,True,False,False,False,False,False,False,False,2025-11-11 17:01:00
INC-000534,MACH-11,2,apres-midi,False,True,False,False,False,False,False,False,False,2025-11-11 19:52:00
INC-000535,MACH-13,3,apres-midi,False,False,False,False,False,False,False,False,True,2025-11-11 21:17:00
INC-000536,MACH-13,4,apres-midi,False,False,False,False,True,False,False,False,False,2025-11-11 21:38:00
INC-000537,MACH-15,3,matin,False,False,False,True,False,False,False,False,False,2025-11-12 10:52:00
INC-000538,MACH-15,3,nuit,False,False,False,False,True,False,False,False,False,2025-11-13 04:03:00
INC-000539,MACH-04,2,nuit,False,False,True,False,False,False,False,False,False,2025-11-13 04:56:00
INC-000540,MACH-15,3,apres-midi,False,False,False,False,False,False,False,False,True,2025-11-13 15:01:00
INC-000541,MACH-01,2,nuit,False,False,False,False,False,False,True,False,False,2025-11-14 01:09:00
INC-000542,MACH-01,2,nuit,False,False,False,False,False,False,True,False,False,2025-11-14 01:14:00
INC-000543,MACH-04,3,nuit,False,False,True,False,False,False,False,False,False,2025-11-14 04:03:00
INC-000544,MACH-04,3,nuit,False,False,True,False,False,False,False,False,False,2025-11-14 04:56:00
INC-000545,MACH-11,2,matin,False,False,False,False,False,False,True,False,False,2025-11-14 12:47:00
INC-000546,MACH-01,3,nuit,False,False,False,False,False,False,True,False,False,2025-11-15 01:14:00
INC-000547,MACH-01,3,nuit,False,False,False,False,False,False,True,False,False,2025-11-15 01:35:00
INC-000548,MACH-04,4,nuit,False,False,True,False,False,False,False,True,False,2025-11-15 04:56:00
INC-000549,MACH-09,3,matin,False,False,False,False,False,False,False,False,True,2025-11-15 07:46:00
INC-000550,MACH-09,3,matin,False,False,True,False,False,False,False,False,False,2025-11-15 10:55:00
INC-000551,MACH-04,2,matin,True,False,False,False,False,False,False,False,False,2025-11-15 11:04:00
INC-000552,MACH-01,4,nuit,False,False,False,False,False,False,True,False,False,2025-11-16 01:14:00
INC-000553,MACH-04,3,matin,True,False,False,False,False,False,False,False,False,2025-11-16 11:04:00
INC-000554,MACH-08,2,matin,False,False,False,False,False,False,False,False,True,2025-11-16 13:17:00
INC-000555,MACH-09,3,apres-midi,False,False,False,True,False,False,False,False,False,2025-11-16 16:14:00
INC-000556,MACH-05,3,apres-midi,True,False,False,False,False,False,False,False,False,2025-11-16 16:49:00
INC-000557,MACH-04,4,matin,True,False,False,False,False,False,False,False,False,2025-11-17 11:04:00
INC-000558,MACH-03,3,nuit,False,False,False,False,True,False,False,False,False,2025-11-19 22:39:00
INC-000559,MACH-03,2,nuit,False,False,False,False,True,False,False,False,False,2025-11-19 22:49:00
INC-000560,MACH-08,2,nuit,False,False,False,False,False,False,True,False,False,2025-11-19 23:40:00
INC-000561,MACH-08,2,nuit,False,False,False,False,False,False,True,False,False,2025-11-19 23:46:00
INC-000562,MACH-03,3,nuit,False,False,False,False,True,False,False,False,False,2025-11-20 22:49:00
INC-000563,MACH-03,3,nuit,False,False,False,False,True,False,False,False,False,2025-11-20 22:53:00
INC-000564,MACH-09,2,nuit,False,False,False,False,False,False,False,False,True,2025-11-20 23:07:00
INC-000565,MACH-08,3,nuit,False,False,False,False,False,False,True,False,False,2025-11-20 23:40:00
INC-000566,MACH-08,3,nuit,False,False,False,False,False,False,True,False,False,2025-11-20 23:45:00
INC-000567,MACH-03,5,nuit,False,False,False,False,True,False,False,False,False,2025-11-21 22:49:00
INC-000568,MACH-08,4,nuit,False,False,False,False,False,False,True,True,False,2025-11-21 23:40:00
INC-000569,MACH-05,3,matin,False,False,False,False,False,False,False,False,True,2025-11-22 07:47:00
INC-000570,MACH-01,3,apres-midi,False,False,False,False,False,False,False,False,True,2025-11-22 20:48:00
INC-000571,MACH-08,2,nuit,False,False,False,False,False,False,False,False,True,2025-11-23 02:26:00
INC-000572,MACH-11,3,apres-midi,False,False,False,False,False,False,True,False,False,2025-11-23 16:03:00
INC-000573,MACH-07,2,nuit,False,False,True,False,False,False,False,False,False,2025-11-24 03:32:00
INC-000574,MACH-13,3,matin,False,False,False,False,True,False,False,False,False,2025-11-24 06:27:00
INC-000575,MACH-13,2,matin,False,False,False,False,True,False,False,False,False,2025-11-24 06:36:00
INC-000576,MACH-15,3,matin,False,False,False,False,False,False,True,False,False,2025-11-24 12:12:00
INC-000577,MACH-08,3,nuit,False,False,False,False,False,False,True,False,False,2025-11-25 02:07:00
INC-000578,MACH-11,2,nuit,False,False,True,False,False,False,False,False,False,2025-11-25 03:08:00
INC-000579,MACH-07,3,nuit,False,False,True,False,False,False,False,False,False,2025-11-25 03:32:00
INC-000580,MACH-13,3,matin,False,False,False,False,True,False,False,False,False,2025-11-25 06:36:00
INC-000581,MACH-13,3,matin,False,False,False,False,True,False,False,False,False,2025-11-25 06:40:00
INC-000582,MACH-06,2,matin,False,False,False,True,False,False,False,False,False,2025-11-25 11:29:00
INC-000583,MACH-03,2,apres-midi,False,False,False,False,False,False,True,False,False,2025-11-25 14:26:00
INC-000584,MACH-03,3,apres-midi,False,False,False,False,False,False,True,False,False,2025-11-25 14:31:00
INC-000585,MACH-10,2,apres-midi,False,True,False,False,False,False,False,False,False,2025-11-25 17:09:00
INC-000586,MACH-07,4,nuit,False,False,True,False,False,False,False,False,False,2025-11-26 03:32:00
INC-000587,MACH-13,4,matin,False,False,False,False,True,False,False,False,False,2025-11-26 06:36:00
INC-000588,MACH-03,3,apres-midi,False,False,False,False,False,False,True,False,False,2025-11-26 14:05:00
INC-000589,MACH-03,3,apres-midi,False,False,False,False,False,False,True,False,False,2025-11-26 14:26:00
INC-000590,MACH-10,3,apres-midi,False,True,False,False,False,False,False,False,False,2025-11-26 17:09:00
INC-000591,MACH-10,3,apres-midi,False,True,False,False,False,False,False,False,False,2025-11-26 17:49:00
INC-000592,MACH-03,5,apres-midi,False,False,False,False,False,False,True,False,False,2025-11-27 14:26:00
INC-000593,MACH-10,4,apres-midi,False,True,False,False,False,False,False,True,False,2025-11-27 17:09:00
INC-000594,MACH-09,3,apres-midi,True,False,False,False,False,False,False,False,False,2025-11-27 21:47:00
INC-000595,MACH-12,2,apres-midi,False,True,False,False,False,False,False,False,False,2025-11-28 16:42:00
INC-000596,MACH-05,3,apres-midi,False,False,False,False,False,False,True,False,False,2025-11-29 17:04:00
INC-000597,MACH-08,3,nuit,False,False,False,False,False,False,True,False,False,2025-11-30 02:12:00
INC-000598,MACH-03,3,matin,False,False,False,False,False,False,False,False,True,2025-11-30 11:01:00
INC-000599,MACH-13,3,matin,False,False,False,True,False,False,False,False,False,2025-12-01 13:16:00
INC-000600,MACH-13,2,matin,False,False,False,True,False,False,False,False,False,2025-12-01 13:43:00
INC-000601,MACH-09,3,apres-midi,False,False,False,False,True,False,False,False,False,2025-12-01 21:06:00
INC-000602,MACH-13,3,matin,False,False,False,True,False,False,False,False,False,2025-12-02 13:30:00
INC-000603,MACH-15,3,matin,False,True,False,False,False,False,False,False,False,2025-12-02 13:41:00
INC-000604,MACH-13,3,matin,False,False,False,True,False,False,False,False,False,2025-12-02 13:43:00
INC-000605,MACH-13,2,apres-midi,False,False,False,False,False,False,True,False,False,2025-12-02 21:04:00
INC-000606,MACH-13,3,apres-midi,False,False,False,False,False,False,True,False,False,2025-12-02 21:56:00
INC-000607,MACH-13,4,matin,False,False,False,True,False,False,False,False,False,2025-12-03 13:43:00
INC-000608,MACH-13,3,apres-midi,False,False,False,False,False,False,True,False,False,2025-12-03 21:04:00
INC-000609,MACH-13,3,apres-midi,False,False,False,False,False,False,True,False,False,2025-12-03 21:35:00
INC-000610,MACH-01,2,apres-midi,False,False,False,False,False,False,False,False,True,2025-12-04 16:03:00
INC-000611,MACH-13,4,apres-midi,False,False,False,False,False,False,True,False,False,2025-12-04 21:04:00
INC-000612,MACH-14,2,nuit,False,False,False,False,False,False,False,False,True,2025-12-05 05:51:00
INC-000613,MACH-06,2,apres-midi,False,False,False,False,False,True,False,False,False,2025-12-05 15:05:00
INC-000614,MACH-01,3,apres-midi,False,False,False,False,False,False,False,False,True,2025-12-05 16:03:00
INC-000615,MACH-01,3,apres-midi,False,False,False,False,False,False,False,False,True,2025-12-05 16:36:00
INC-000616,MACH-14,3,nuit,False,False,False,False,False,False,False,False,True,2025-12-06 05:51:00
INC-000617,MACH-08,3,matin,False,False,False,True,False,False,False,False,False,2025-12-06 10:01:00
INC-000618,MACH-01,4,apres-midi,False,False,False,False,False,False,False,False,True,2025-12-06 16:03:00
INC-000619,MACH-01,2,apres-midi,False,False,False,False,False,False,False,False,True,2025-12-06 19:06:00
INC-000620,MACH-14,4,nuit,False,False,False,False,False,False,False,False,True,2025-12-07 05:51:00
INC-000621,MACH-01,3,apres-midi,False,False,False,False,False,False,False,False,True,2025-12-07 19:06:00
INC-000622,MACH-01,3,apres-midi,False,False,False,False,False,False,False,False,True,2025-12-07 19:27:00
INC-000623,MACH-13,3,apres-midi,False,False,False,True,False,False,False,False,False,2025-12-07 19:41:00
INC-000624,MACH-13,2,apres-midi,False,False,False,True,False,False,False,False,False,2025-12-07 19:56:00
INC-000625,MACH-05,3,nuit,False,False,False,False,False,False,True,False,False,2025-12-08 00:24:00
INC-000626,MACH-09,2,nuit,False,False,False,True,False,False,False,False,False,2025-12-08 02:10:00
INC-000627,MACH-01,4,apres-midi,False,False,False,False,False,False,False,False,True,2025-12-08 19:06:00
INC-000628,MACH-13,3,apres-midi,False,False,False,True,False,False,False,False,False,2025-12-08 19:22:00
INC-000629,MACH-13,3,apres-midi,False,False,False,True,False,False,False,False,False,2025-12-08 19:56:00
INC-000630,MACH-10,3,nuit,False,False,False,False,False,False,True,False,False,2025-12-09 02:44:00
INC-000631,MACH-02,3,matin,False,False,False,False,False,False,True,False,False,2025-12-09 13:11:00
INC-000632,MACH-15,3,apres-midi,False,True,False,False,False,False,False,False,False,2025-12-09 16:22:00
INC-000633,MACH-13,4,apres-midi,False,False,False,True,False,False,False,False,False,2025-12-09 19:56:00
INC-000634,MACH-08,3,matin,False,False,False,True,False,False,False,False,False,2025-12-10 11:27:00
INC-000635,MACH-13,3,matin,False,False,False,True,False,False,False,False,False,2025-12-10 11:34:00
INC-000636,MACH-01,3,apres-midi,False,False,False,False,True,False,False,False,False,2025-12-10 20:31:00
INC-000637,MACH-05,3,apres-midi,False,False,False,False,True,False,False,False,False,2025-12-11 20:45:00
INC-000638,MACH-13,2,nuit,False,False,False,False,False,False,False,False,True,2025-12-12 01:15:00
INC-000639,MACH-13,3,nuit,False,False,False,False,False,False,False,False,True,2025-12-12 01:15:00
INC-000640,MACH-15,3,apres-midi,False,False,False,False,False,False,False,False,True,2025-12-12 18:37:00
INC-000641,MACH-02,3,apres-midi,False,True,False,False,False,False,False,False,False,2025-12-12 18:50:00
INC-000642,MACH-13,3,nuit,False,False,False,False,False,False,False,False,True,2025-12-13 01:15:00
INC-000643,MACH-13,3,nuit,False,False,False,False,False,False,False,False,True,2025-12-13 01:33:00
INC-000644,MACH-10,2,apres-midi,False,False,False,True,False,False,False,False,False,2025-12-13 16:26:00
INC-000645,MACH-13,3,nuit,False,False,False,False,True,False,False,False,False,2025-12-13 23:09:00
INC-000646,MACH-13,4,nuit,False,False,False,False,False,False,False,False,True,2025-12-14 01:15:00
INC-000647,MACH-01,2,apres-midi,False,False,False,False,False,False,False,False,True,2025-12-14 18:33:00
INC-000648,MACH-01,2,apres-midi,False,False,False,False,False,False,False,False,True,2025-12-14 18:54:00
INC-000649,MACH-04,2,nuit,False,False,False,False,False,False,False,False,True,2025-12-15 03:31:00
INC-000650,MACH-05,2,matin,False,False,False,True,False,False,False,False,False,2025-12-15 09:40:00
INC-000651,MACH-01,3,apres-midi,False,False,False,False,False,False,False,False,True,2025-12-15 18:31:00
INC-000652,MACH-01,3,apres-midi,False,False,False,False,False,False,False,False,True,2025-12-15 18:33:00
INC-000653,MACH-04,3,nuit,False,False,False,False,False,False,False,False,True,2025-12-16 03:31:00
INC-000654,MACH-15,3,matin,False,False,False,True,False,False,False,False,False,2025-12-16 08:18:00
INC-000655,MACH-05,3,matin,False,False,False,True,False,False,False,False,False,2025-12-16 09:40:00
INC-000656,MACH-02,2,matin,False,True,False,False,False,False,False,False,False,2025-12-16 12:10:00
INC-000657,MACH-01,4,apres-midi,False,False,False,False,False,False,False,False,True,2025-12-16 18:33:00
INC-000658,MACH-04,4,nuit,False,False,False,False,False,False,False,False,True,2025-12-17 03:31:00
INC-000659,MACH-05,5,matin,False,False,False,True,False,False,False,False,False,2025-12-17 09:40:00
INC-000660,MACH-02,3,matin,False,True,False,False,False,False,False,False,False,2025-12-17 12:10:00
INC-000661,MACH-02,3,matin,False,True,False,False,False,False,False,False,False,2025-12-17 12:15:00
INC-000662,MACH-02,3,apres-midi,True,False,False,False,False,False,False,False,False,2025-12-17 17:38:00
INC-000663,MACH-03,3,apres-midi,False,False,False,True,False,False,False,False,False,2025-12-17 19:26:00
INC-000664,MACH-11,2,nuit,False,False,False,False,True,False,False,False,False,2025-12-17 22:54:00
INC-000665,MACH-05,2,matin,True,False,False,False,False,False,False,False,False,2025-12-18 07:24:00
INC-000666,MACH-06,2,matin,False,False,False,True,False,False,False,False,False,2025-12-18 11:28:00
INC-000667,MACH-02,4,matin,False,True,False,False,False,False,False,True,False,2025-12-18 12:10:00
INC-000668,MACH-05,3,matin,True,False,False,False,False,False,False,False,False,2025-12-19 06:09:00
INC-000669,MACH-05,3,matin,True,False,False,False,False,False,False,False,False,2025-12-19 07:24:00
INC-000670,MACH-02,3,matin,False,False,False,False,False,False,True,False,False,2025-12-19 07:27:00
INC-000671,MACH-06,3,matin,False,False,False,True,False,False,False,False,False,2025-12-19 11:28:00
INC-000672,MACH-02,3,apres-midi,False,False,False,False,False,False,False,False,True,2025-12-19 18:29:00
INC-000673,MACH-07,3,nuit,False,False,False,False,False,False,True,False,False,2025-12-20 00:40:00
INC-000674,MACH-05,5,matin,True,False,False,False,False,False,False,False,False,2025-12-20 07:24:00
INC-000675,MACH-14,2,matin,False,False,False,False,False,False,True,False,False,2025-12-20 08:53:00
INC-000676,MACH-06,4,matin,False,False,False,True,False,False,False,False,False,2025-12-20 11:28:00
INC-000677,MACH-15,3,apres-midi,False,False,False,True,False,False,False,False,False,2025-12-21 18:08:00
INC-000678,MACH-15,3,matin,False,True,False,False,False,False,False,False,False,2025-12-22 12:07:00
INC-000679,MACH-03,2,apres-midi,False,False,False,False,False,False,False,False,True,2025-12-23 20:06:00
INC-000680,MACH-03,3,apres-midi,False,False,False,False,False,False,False,False,True,2025-12-23 20:56:00
INC-000681,MACH-03,3,apres-midi,False,False,False,True,False,False,False,False,False,2025-12-24 16:08:00
INC-000682,MACH-03,2,apres-midi,False,False,False,True,False,False,False,False,False,2025-12-24 16:25:00
INC-000683,MACH-03,3,apres-midi,False,False,False,False,False,False,False,False,True,2025-12-24 20:06:00
INC-000684,MACH-03,3,apres-midi,False,False,False,False,False,False,False,False,True,2025-12-24 20:55:00
INC-000685,MACH-03,3,apres-midi,False,False,False,True,False,False,False,False,False,2025-12-25 16:16:00
INC-000686,MACH-03,3,apres-midi,False,False,False,True,False,False,False,False,False,2025-12-25 16:25:00
INC-000687,MACH-03,4,apres-midi,False,False,False,False,False,False,False,False,True,2025-12-25 20:06:00
INC-000688,MACH-15,2,apres-midi,False,False,False,True,False,False,False,False,False,2025-12-25 20:18:00
INC-000689,MACH-11,3,nuit,True,False,False,False,False,False,False,False,False,2025-12-26 00:36:00
INC-000690,MACH-03,4,apres-midi,False,False,False,True,False,False,False,True,False,2025-12-26 16:25:00
INC-000691,MACH-08,2,matin,False,False,False,False,False,False,False,False,True,2025-12-27 09:45:00
INC-000692,MACH-13,2,matin,False,False,True,False,False,False,False,False,False,2025-12-27 10:24:00
INC-000693,MACH-13,3,matin,False,False,True,False,False,False,False,False,False,2025-12-27 10:35:00
INC-000694,MACH-13,3,matin,False,True,False,False,False,False,False,False,False,2025-12-27 11:23:00
INC-000695,MACH-13,2,matin,False,True,False,False,False,False,False,False,False,2025-12-27 11:48:00
INC-000696,MACH-04,2,apres-midi,True,False,False,False,False,False,False,False,False,2025-12-27 18:13:00
INC-000697,MACH-13,3,matin,False,False,True,False,False,False,False,False,False,2025-12-28 10:24:00
INC-000698,MACH-13,3,matin,False,False,True,False,False,False,False,False,False,2025-12-28 10:37:00
INC-000699,MACH-13,3,matin,False,True,False,False,False,False,False,False,False,2025-12-28 11:48:00
INC-000700,MACH-13,3,matin,False,True,False,False,False,False,False,False,False,2025-12-28 11:56:00
INC-000701,MACH-04,3,apres-midi,True,False,False,False,False,False,False,False,False,2025-12-28 18:13:00
INC-000702,MACH-08,2,nuit,False,False,False,False,False,False,False,False,True,2025-12-29 02:24:00
INC-000703,MACH-13,4,matin,False,False,True,False,False,False,False,False,False,2025-12-29 10:24:00
INC-000704,MACH-13,4,matin,False,True,False,False,False,False,False,False,False,2025-12-29 11:48:00
INC-000705,MACH-04,4,apres-midi,True,False,False,False,False,False,False,False,False,2025-12-29 18:13:00
INC-000706,MACH-14,3,nuit,True,False,False,False,False,False,False,False,False,2025-12-29 23:55:00
INC-000707,MACH-07,3,nuit,False,False,False,True,False,False,False,False,False,2025-12-30 02:34:00
INC-000708,MACH-13,2,matin,False,True,False,False,False,False,False,False,False,2025-12-31 13:09:00
INC-000709,MACH-13,3,matin,False,True,False,False,False,False,False,False,False,2025-12-31 13:35:00
INC-000710,MACH-01,2,matin,False,False,False,True,False,False,False,False,False,2026-01-01 11:33:00
INC-000711,MACH-02,3,matin,False,False,False,False,True,False,False,False,False,2026-01-01 11:53:00
INC-000712,MACH-13,3,matin,False,True,False,False,False,False,False,False,False,2026-01-01 13:03:00
INC-000713,MACH-13,3,matin,False,True,False,False,False,False,False,False,False,2026-01-01 13:09:00
INC-000714,MACH-03,3,nuit,False,False,True,False,False,False,False,False,False,2026-01-02 02:18:00
INC-000715,MACH-01,3,matin,False,False,False,True,False,False,False,False,False,2026-01-02 11:24:00
INC-000716,MACH-11,3,matin,True,False,False,False,False,False,False,False,False,2026-01-02 11:28:00
INC-000717,MACH-01,3,matin,False,False,False,True,False,False,False,False,False,2026-01-02 11:33:00
INC-000718,MACH-13,4,matin,False,True,False,False,False,False,False,False,False,2026-01-02 13:09:00
INC-000719,MACH-12,2,matin,False,False,False,False,True,False,False,False,False,2026-01-02 13:28:00
INC-000720,MACH-03,3,matin,True,False,False,False,False,False,False,False,False,2026-01-03 08:13:00
INC-000721,MACH-01,4,matin,False,False,False,True,False,False,False,False,False,2026-01-03 11:33:00
INC-000722,MACH-02,3,apres-midi,False,False,False,False,False,False,False,False,True,2026-01-03 19:20:00
INC-000723,MACH-03,3,nuit,False,False,False,False,True,False,False,False,False,2026-01-03 22:33:00
INC-000724,MACH-03,2,nuit,False,False,False,False,True,False,False,False,False,2026-01-03 22:34:00
INC-000725,MACH-11,2,nuit,False,True,False,False,False,False,False,False,False,2026-01-04 00:34:00
INC-000726,MACH-14,3,nuit,False,False,True,False,False,False,False,False,False,2026-01-04 02:41:00
INC-000727,MACH-10,2,apres-midi,False,False,True,False,False,False,False,False,False,2026-01-04 18:32:00
INC-000728,MACH-03,3,nuit,False,False,False,False,True,False,False,False,False,2026-01-04 22:34:00
INC-000729,MACH-03,3,nuit,False,False,False,False,True,False,False,False,False,2026-01-04 22:37:00
INC-000730,MACH-03,4,nuit,False,False,False,False,True,False,False,False,False,2026-01-05 22:34:00
INC-000731,MACH-10,2,matin,False,True,False,False,False,False,False,False,False,2026-01-08 08:15:00
INC-000732,MACH-15,2,matin,False,False,False,False,True,False,False,False,False,2026-01-08 09:38:00
INC-000733,MACH-10,2,apres-midi,False,False,False,False,False,False,True,False,False,2026-01-08 16:20:00
INC-000734,MACH-01,3,apres-midi,False,False,False,False,False,False,False,False,True,2026-01-08 18:36:00
INC-000735,MACH-10,3,matin,False,True,False,False,False,False,False,False,False,2026-01-09 08:15:00
INC-000736,MACH-08,3,apres-midi,False,True,False,False,False,False,False,False,False,2026-01-09 15:19:00
INC-000737,MACH-10,3,apres-midi,False,False,False,False,False,False,True,False,False,2026-01-09 16:20:00
INC-000738,MACH-10,4,matin,False,True,False,False,False,False,False,False,False,2026-01-10 08:15:00
INC-000739,MACH-03,2,matin,False,False,True,False,False,False,False,False,False,2026-01-10 12:25:00
INC-000740,MACH-03,3,matin,False,False,True,False,False,False,False,False,False,2026-01-10 12:45:00
INC-000741,MACH-10,4,apres-midi,False,False,False,False,False,False,True,False,False,2026-01-10 16:20:00
INC-000742,MACH-03,3,matin,False,False,True,False,False,False,False,False,False,2026-01-11 12:12:00
INC-000743,MACH-03,3,matin,False,False,True,False,False,False,False,False,False,2026-01-11 12:25:00
INC-000744,MACH-14,3,matin,False,False,False,False,False,False,True,False,False,2026-01-11 12:32:00
INC-000745,MACH-03,5,matin,False,False,True,False,False,False,False,False,False,2026-01-12 12:25:00
INC-000746,MACH-11,2,matin,True,False,False,False,False,False,False,False,False,2026-01-12 12:31:00
INC-000747,MACH-11,2,matin,True,False,False,False,False,False,False,False,False,2026-01-12 12:47:00
INC-000748,MACH-01,3,apres-midi,False,False,False,False,False,False,True,False,False,2026-01-12 21:36:00
INC-000749,MACH-09,2,nuit,False,False,True,False,False,False,False,False,False,2026-01-13 01:42:00
INC-000750,MACH-09,3,matin,True,False,False,False,False,False,False,False,False,2026-01-13 09:31:00
INC-000751,MACH-11,3,matin,True,False,False,False,False,False,False,False,False,2026-01-13 12:21:00
INC-000752,MACH-11,3,matin,True,False,False,False,False,False,False,False,False,2026-01-13 12:47:00
INC-000753,MACH-14,3,apres-midi,True,False,False,False,False,False,False,False,False,2026-01-13 19:30:00
INC-000754,MACH-09,3,nuit,False,False,True,False,False,False,False,False,False,2026-01-14 01:42:00
INC-000755,MACH-11,4,matin,True,False,False,False,False,False,False,False,False,2026-01-14 12:47:00
INC-000756,MACH-09,5,nuit,False,False,True,False,False,False,False,False,False,2026-01-15 01:42:00
INC-000757,MACH-06,3,matin,False,False,False,False,False,False,False,False,True,2026-01-15 11:32:00
INC-000758,MACH-07,3,apres-midi,False,False,True,False,False,False,False,False,False,2026-01-16 14:51:00
INC-000759,MACH-05,3,apres-midi,False,False,False,False,False,False,False,False,True,2026-01-17 14:08:00
INC-000760,MACH-01,3,apres-midi,False,True,False,False,False,False,False,False,False,2026-01-17 16:53:00
INC-000761,MACH-14,2,apres-midi,False,False,False,False,True,False,False,False,False,2026-01-17 17:49:00
INC-000762,MACH-05,3,nuit,False,True,False,False,False,False,False,False,False,2026-01-18 02:29:00
INC-000763,MACH-11,3,apres-midi,False,False,True,False,False,False,False,False,False,2026-01-18 15:42:00
INC-000764,MACH-14,2,nuit,False,False,False,True,False,False,False,False,False,2026-01-19 23:46:00
INC-000765,MACH-14,3,nuit,False,False,False,True,False,False,False,False,False,2026-01-20 23:46:00
INC-000766,MACH-01,2,apres-midi,False,False,False,True,False,False,False,False,False,2026-01-21 15:29:00
INC-000767,MACH-01,2,apres-midi,False,False,False,True,False,False,False,False,False,2026-01-21 15:30:00
INC-000768,MACH-03,3,apres-midi,False,False,False,False,False,False,True,False,False,2026-01-21 21:16:00
INC-000769,MACH-14,4,nuit,False,False,False,True,False,False,False,False,False,2026-01-21 23:46:00
INC-000770,MACH-14,3,matin,False,False,False,True,False,False,False,False,False,2026-01-22 10:15:00
INC-000771,MACH-01,3,apres-midi,False,False,False,True,False,False,False,False,False,2026-01-22 15:18:00
INC-000772,MACH-01,3,apres-midi,False,False,False,True,False,False,False,False,False,2026-01-22 15:29:00
INC-000773,MACH-03,2,matin,False,False,False,False,False,False,False,False,True,2026-01-23 11:04:00
INC-000774,MACH-03,3,matin,False,False,False,False,False,False,False,False,True,2026-01-23 11:30:00
INC-000775,MACH-01,2,matin,False,True,False,False,False,False,False,False,False,2026-01-23 13:05:00
INC-000776,MACH-12,2,apres-midi,False,False,True,False,False,False,False,False,False,2026-01-23 14:22:00
INC-000777,MACH-01,4,apres-midi,False,False,False,True,False,False,False,False,False,2026-01-23 15:29:00
INC-000778,MACH-13,2,matin,False,False,True,False,False,False,False,False,False,2026-01-24 08:20:00
INC-000779,MACH-03,3,matin,False,False,False,False,False,False,False,False,True,2026-01-24 11:04:00
INC-000780,MACH-03,3,matin,False,False,False,False,False,False,False,False,True,2026-01-24 11:07:00
INC-000781,MACH-01,3,matin,False,True,False,False,False,False,False,False,False,2026-01-24 13:04:00
INC-000782,MACH-01,3,matin,False,True,False,False,False,False,False,False,False,2026-01-24 13:05:00
INC-000783,MACH-15,3,apres-midi,False,False,False,False,False,False,True,False,False,2026-01-24 15:05:00
INC-000784,MACH-09,2,apres-midi,False,False,False,False,False,False,False,False,True,2026-01-24 15:50:00
INC-000785,MACH-13,3,matin,False,False,True,False,False,False,False,False,False,2026-01-25 08:20:00
INC-000786,MACH-13,3,matin,False,False,True,False,False,False,False,False,False,2026-01-25 08:47:00
INC-000787,MACH-08,2,matin,False,False,False,False,False,False,True,False,False,2026-01-25 08:48:00
INC-000788,MACH-03,5,matin,False,False,False,False,False,False,False,False,True,2026-01-25 11:04:00
INC-000789,MACH-01,4,matin,False,True,False,False,False,False,False,False,False,2026-01-25 13:05:00
INC-000790,MACH-01,3,matin,False,True,False,False,False,False,False,False,False,2026-01-25 13:16:00
INC-000791,MACH-07,3,nuit,False,False,False,False,True,False,False,False,False,2026-01-26 05:33:00
INC-000792,MACH-13,4,matin,False,False,True,False,False,False,False,False,False,2026-01-26 08:20:00
INC-000793,MACH-10,2,matin,False,False,True,False,False,False,False,False,False,2026-01-26 11:42:00
INC-000794,MACH-15,3,nuit,False,False,False,False,False,False,True,False,False,2026-01-27 01:28:00
INC-000795,MACH-10,3,matin,False,False,True,False,False,False,False,False,False,2026-01-27 11:42:00
INC-000796,MACH-02,3,apres-midi,False,False,False,False,False,False,False,False,True,2026-01-27 18:10:00
INC-000797,MACH-10,4,matin,False,False,True,False,False,False,False,False,False,2026-01-28 11:42:00
INC-000798,MACH-03,3,apres-midi,False,False,True,False,False,False,False,False,False,2026-01-28 19:18:00
INC-000799,MACH-03,2,apres-midi,False,False,True,False,False,False,False,False,False,2026-01-28 19:25:00
INC-000800,MACH-08,3,matin,False,False,False,False,True,False,False,False,False,2026-01-29 10:04:00
INC-000801,MACH-03,2,apres-midi,False,False,False,True,False,False,False,False,False,2026-01-29 15:41:00
INC-000802,MACH-03,3,apres-midi,False,False,False,True,False,False,False,False,False,2026-01-29 15:43:00
INC-000803,MACH-03,3,apres-midi,False,False,True,False,False,False,False,False,False,2026-01-29 19:25:00
INC-000804,MACH-03,3,apres-midi,False,False,True,False,False,False,False,False,False,2026-01-29 19:52:00
INC-000805,MACH-03,3,apres-midi,False,False,False,True,False,False,False,False,False,2026-01-30 15:01:00
INC-000806,MACH-03,3,apres-midi,False,False,False,True,False,False,False,False,False,2026-01-30 15:41:00
INC-000807,MACH-03,4,apres-midi,False,False,True,False,False,False,False,False,False,2026-01-30 19:25:00
INC-000808,MACH-07,3,nuit,True,False,False,False,False,False,False,False,False,2026-01-31 00:48:00
INC-000809,MACH-04,3,nuit,False,False,False,True,False,False,False,False,False,2026-01-31 02:41:00
INC-000810,MACH-02,3,nuit,False,False,False,False,False,False,True,False,False,2026-01-31 02:49:00
INC-000811,MACH-08,3,matin,False,False,True,False,False,False,False,False,False,2026-01-31 08:24:00
INC-000812,MACH-13,3,matin,True,False,False,False,False,False,False,False,False,2026-01-31 12:22:00
INC-000813,MACH-04,2,apres-midi,False,False,False,False,False,False,True,False,False,2026-01-31 14:35:00
INC-000814,MACH-03,4,apres-midi,False,False,False,True,False,False,False,False,False,2026-01-31 15:41:00
INC-000815,MACH-13,2,matin,False,False,False,True,False,False,False,False,False,2026-02-01 11:07:00
INC-000816,MACH-04,3,apres-midi,False,False,False,False,False,False,True,False,False,2026-02-01 14:35:00
INC-000817,MACH-13,3,matin,False,False,False,True,False,False,False,False,False,2026-02-02 11:07:00
INC-000818,MACH-13,3,matin,False,False,False,True,False,False,False,False,False,2026-02-02 11:14:00
INC-000819,MACH-14,2,matin,False,False,False,False,True,False,False,False,False,2026-02-02 11:21:00
INC-000820,MACH-04,4,apres-midi,False,False,False,False,False,False,True,False,False,2026-02-02 14:35:00
INC-000821,MACH-10,3,apres-midi,False,False,False,False,False,False,False,False,True,2026-02-02 17:39:00
INC-000822,MACH-13,4,matin,False,False,False,True,False,False,False,False,False,2026-02-03 11:07:00
INC-000823,MACH-14,3,matin,False,False,False,False,True,False,False,False,False,2026-02-03 11:21:00
INC-000824,MACH-03,3,matin,False,False,False,True,False,False,False,False,False,2026-02-03 12:29:00
INC-000825,MACH-14,2,apres-midi,False,True,False,False,False,False,False,False,False,2026-02-03 15:05:00
INC-000826,MACH-14,4,matin,False,False,False,False,True,False,False,False,False,2026-02-04 11:21:00
INC-000827,MACH-14,3,apres-midi,False,True,False,False,False,False,False,False,False,2026-02-04 15:05:00
INC-000828,MACH-03,3,apres-midi,False,False,False,True,False,False,False,False,False,2026-02-04 20:29:00
INC-000829,MACH-03,2,apres-midi,False,False,False,True,False,False,False,False,False,2026-02-04 20:45:00
INC-000830,MACH-05,3,matin,True,False,False,False,False,False,False,False,False,2026-02-05 06:55:00
INC-000831,MACH-14,4,apres-midi,False,True,False,False,False,False,False,False,False,2026-02-05 15:05:00
INC-000832,MACH-03,3,apres-midi,False,False,False,True,False,False,False,False,False,2026-02-05 20:45:00
INC-000833,MACH-03,3,apres-midi,False,False,False,True,False,False,False,False,False,2026-02-05 20:57:00
INC-000834,MACH-08,3,matin,False,False,False,False,False,False,False,False,True,2026-02-06 11:26:00
INC-000835,MACH-03,4,apres-midi,False,False,False,True,False,False,False,False,False,2026-02-06 20:45:00
INC-000836,MACH-08,2,nuit,False,False,False,False,True,False,False,False,False,2026-02-06 22:25:00
INC-000837,MACH-08,3,matin,False,False,False,True,False,False,False,False,False,2026-02-07 11:18:00
INC-000838,MACH-03,3,apres-midi,False,False,False,True,False,False,False,False,False,2026-02-10 15:44:00
INC-000839,MACH-03,2,apres-midi,False,False,False,True,False,False,False,False,False,2026-02-10 15:53:00
INC-000840,MACH-03,2,nuit,False,False,True,False,False,False,False,False,False,2026-02-10 22:20:00
INC-000841,MACH-03,3,nuit,False,False,True,False,False,False,False,False,False,2026-02-10 22:40:00
INC-000842,MACH-03,3,matin,False,False,False,False,False,False,True,False,False,2026-02-11 11:09:00
INC-000843,MACH-03,3,apres-midi,False,False,False,True,False,False,False,False,False,2026-02-11 15:41:00
INC-000844,MACH-03,3,apres-midi,False,False,False,True,False,False,False,False,False,2026-02-11 15:53:00
INC-000845,MACH-13,2,apres-midi,False,False,False,True,False,False,False,False,False,2026-02-11 17:12:00
INC-000846,MACH-13,3,apres-midi,False,False,False,True,False,False,False,False,False,2026-02-11 17:43:00
INC-000847,MACH-03,3,nuit,False,False,True,False,False,False,False,False,False,2026-02-11 22:20:00
INC-000848,MACH-03,3,nuit,False,False,True,False,False,False,False,False,False,2026-02-11 22:23:00
INC-000849,MACH-12,2,nuit,False,False,False,False,True,False,False,False,False,2026-02-12 04:30:00
INC-000850,MACH-03,4,apres-midi,False,False,False,True,False,False,False,False,False,2026-02-12 15:53:00
INC-000851,MACH-10,2,apres-midi,False,False,False,True,False,False,False,False,False,2026-02-12 16:48:00
INC-000852,MACH-13,3,apres-midi,False,False,False,True,False,False,False,False,False,2026-02-12 17:12:00
INC-000853,MACH-13,3,apres-midi,False,False,False,True,False,False,False,False,False,2026-02-12 17:37:00
INC-000854,MACH-03,5,nuit,False,False,True,False,False,False,False,False,False,2026-02-12 22:20:00
INC-000855,MACH-12,3,nuit,False,False,False,False,True,False,False,False,False,2026-02-13 04:30:00
INC-000856,MACH-01,3,matin,False,False,True,False,False,False,False,False,False,2026-02-13 07:01:00
INC-000857,MACH-13,3,matin,False,False,False,True,False,False,False,False,False,2026-02-13 09:39:00
INC-000858,MACH-13,2,matin,False,False,False,True,False,False,False,False,False,2026-02-13 09:53:00
INC-000859,MACH-10,3,apres-midi,False,False,False,True,False,False,False,False,False,2026-02-13 16:48:00
INC-000860,MACH-13,4,apres-midi,False,False,False,True,False,False,False,False,False,2026-02-13 17:12:00
INC-000861,MACH-05,3,apres-midi,False,False,False,False,True,False,False,False,False,2026-02-13 20:44:00
INC-000862,MACH-03,3,nuit,False,False,False,False,True,False,False,False,False,2026-02-14 04:10:00
INC-000863,MACH-01,3,nuit,False,False,False,False,False,False,False,False,True,2026-02-14 04:27:00
INC-000864,MACH-12,4,nuit,False,False,False,False,True,False,False,False,False,2026-02-14 04:30:00
INC-000865,MACH-13,3,matin,False,False,False,True,False,False,False,False,False,2026-02-14 09:41:00
INC-000866,MACH-13,3,matin,False,False,False,True,False,False,False,False,False,2026-02-14 09:53:00
INC-000867,MACH-13,3,matin,False,False,False,False,True,False,False,False,False,2026-02-14 11:10:00
INC-000868,MACH-09,2,apres-midi,False,False,False,False,False,False,False,False,True,2026-02-14 16:32:00
INC-000869,MACH-10,4,apres-midi,False,False,False,True,False,False,False,False,False,2026-02-14 16:48:00
INC-000870,MACH-13,4,matin,False,False,False,True,False,False,False,False,False,2026-02-15 09:53:00
INC-000871,MACH-08,3,matin,False,True,False,False,False,False,False,False,False,2026-02-15 11:57:00
INC-000872,MACH-09,3,apres-midi,False,False,False,False,False,False,False,False,True,2026-02-15 16:32:00
INC-000873,MACH-08,3,matin,False,False,False,False,False,False,True,False,False,2026-02-16 11:55:00
INC-000874,MACH-09,5,apres-midi,False,False,False,False,False,False,False,False,True,2026-02-16 16:32:00
INC-000875,MACH-11,2,matin,False,False,False,False,False,False,False,False,True,2026-02-17 06:12:00
INC-000876,MACH-09,2,matin,False,False,True,False,False,False,False,False,False,2026-02-17 12:46:00
INC-000877,MACH-08,3,nuit,False,True,False,False,False,False,False,False,False,2026-02-18 02:48:00
INC-000878,MACH-09,3,matin,False,False,True,False,False,False,False,False,False,2026-02-18 12:46:00
INC-000879,MACH-09,5,matin,False,False,True,False,False,False,False,False,False,2026-02-19 12:46:00
INC-000880,MACH-01,3,apres-midi,False,False,True,False,False,False,False,False,False,2026-02-19 15:57:00
INC-000881,MACH-15,2,matin,False,True,False,False,False,False,False,False,False,2026-02-20 09:38:00
INC-000882,MACH-03,3,apres-midi,False,False,False,False,False,False,True,False,False,2026-02-21 15:09:00
INC-000883,MACH-03,2,apres-midi,False,False,False,False,False,False,True,False,False,2026-02-21 15:26:00
INC-000884,MACH-03,3,apres-midi,False,False,False,False,False,False,True,False,False,2026-02-22 15:26:00
INC-000885,MACH-03,3,apres-midi,False,False,False,False,False,False,True,False,False,2026-02-22 15:29:00
INC-000886,MACH-14,2,matin,True,False,False,False,False,False,False,False,False,2026-02-23 06:48:00
INC-000887,MACH-03,5,apres-midi,False,False,False,False,False,False,True,False,False,2026-02-23 15:26:00
INC-000888,MACH-04,3,apres-midi,False,False,False,False,False,False,True,False,False,2026-02-23 17:49:00
INC-000889,MACH-13,2,nuit,False,False,False,False,True,False,False,False,False,2026-02-24 02:44:00
INC-000890,MACH-14,3,matin,True,False,False,False,False,False,False,False,False,2026-02-24 06:48:00
INC-000891,MACH-14,3,nuit,True,False,False,False,False,False,False,False,False,2026-02-24 23:19:00
INC-000892,MACH-13,3,nuit,False,False,False,False,True,False,False,False,False,2026-02-25 02:05:00
INC-000893,MACH-13,3,nuit,False,False,False,False,True,False,False,False,False,2026-02-25 02:44:00
INC-000894,MACH-14,4,matin,True,False,False,False,False,False,False,False,False,2026-02-25 06:48:00
INC-000895,MACH-10,2,matin,False,False,False,False,False,False,False,False,True,2026-02-25 09:03:00
INC-000896,MACH-13,4,nuit,False,False,False,False,True,False,False,False,False,2026-02-26 02:44:00
INC-000897,MACH-10,3,matin,False,False,False,False,False,False,False,False,True,2026-02-26 09:03:00
INC-000898,MACH-10,4,matin,False,False,False,False,False,False,False,False,True,2026-02-27 09:03:00
INC-000899,MACH-13,2,apres-midi,False,False,True,False,False,False,False,False,False,2026-02-27 18:53:00
INC-000900,MACH-13,3,apres-midi,False,False,True,False,False,False,False,False,False,2026-02-28 18:28:00
INC-000901,MACH-13,3,apres-midi,False,False,True,False,False,False,False,False,False,2026-02-28 18:53:00
INC-000902,MACH-08,2,nuit,False,True,False,False,False,False,False,False,False,2026-03-01 04:27:00
INC-000903,MACH-13,4,apres-midi,False,False,True,False,False,False,False,False,False,2026-03-01 18:53:00
INC-000904,MACH-01,3,nuit,False,True,False,False,False,False,False,False,False,2026-03-02 03:09:00
INC-000905,MACH-11,3,matin,False,False,False,False,False,False,True,False,False,2026-03-02 06:18:00
INC-000906,MACH-08,2,matin,False,False,True,False,False,False,False,False,False,2026-03-03 11:11:00
INC-000907,MACH-12,3,matin,False,False,True,False,False,False,False,False,False,2026-03-03 12:14:00
INC-000908,MACH-13,2,apres-midi,False,False,True,False,False,False,False,False,False,2026-03-03 16:14:00
INC-000909,MACH-11,3,apres-midi,False,False,True,False,False,False,False,False,False,2026-03-04 15:54:00
INC-000910,MACH-13,3,apres-midi,False,False,True,False,False,False,False,False,False,2026-03-04 16:03:00
INC-000911,MACH-13,3,apres-midi,False,False,True,False,False,False,False,False,False,2026-03-04 16:14:00
INC-000912,MACH-13,4,apres-midi,False,False,True,False,False,False,False,False,False,2026-03-05 16:14:00
INC-000913,MACH-01,3,nuit,False,False,True,False,False,False,False,False,False,2026-03-06 01:11:00
INC-000914,MACH-15,3,matin,False,False,False,False,True,False,False,False,False,2026-03-06 13:12:00
INC-000915,MACH-07,3,matin,False,False,False,True,False,False,False,False,False,2026-03-06 13:17:00
INC-000916,MACH-08,2,apres-midi,True,False,False,False,False,False,False,False,False,2026-03-06 16:28:00
INC-000917,MACH-13,3,matin,False,True,False,False,False,False,False,False,False,2026-03-07 12:34:00
INC-000918,MACH-09,3,matin,False,False,False,True,False,False,False,False,False,2026-03-07 12:57:00
INC-000919,MACH-03,3,apres-midi,False,True,False,False,False,False,False,False,False,2026-03-07 14:42:00
INC-000920,MACH-03,2,apres-midi,False,True,False,False,False,False,False,False,False,2026-03-07 14:49:00
INC-000921,MACH-11,3,apres-midi,False,False,True,False,False,False,False,False,False,2026-03-07 15:29:00
INC-000922,MACH-14,2,nuit,False,False,False,False,False,False,True,False,False,2026-03-08 01:01:00
INC-000923,MACH-03,3,matin,False,False,True,False,False,False,False,False,False,2026-03-08 12:05:00
INC-000924,MACH-03,3,apres-midi,False,True,False,False,False,False,False,False,False,2026-03-08 14:16:00
INC-000925,MACH-03,3,apres-midi,False,True,False,False,False,False,False,False,False,2026-03-08 14:49:00
INC-000926,MACH-14,2,matin,False,False,False,True,False,False,False,False,False,2026-03-09 07:04:00
INC-000927,MACH-13,2,matin,False,False,True,False,False,False,False,False,False,2026-03-09 07:42:00
INC-000928,MACH-01,2,matin,False,False,True,False,False,False,False,False,False,2026-03-09 09:21:00
INC-000929,MACH-03,5,apres-midi,False,True,False,False,False,False,False,False,False,2026-03-09 14:49:00
INC-000930,MACH-15,3,apres-midi,False,False,False,False,False,False,True,False,False,2026-03-09 19:49:00
INC-000931,MACH-03,3,apres-midi,False,False,False,False,False,False,True,False,False,2026-03-09 21:37:00
INC-000932,MACH-03,3,nuit,False,True,False,False,False,False,False,False,False,2026-03-10 01:32:00
INC-000933,MACH-04,3,nuit,False,False,True,False,False,False,False,False,False,2026-03-10 01:38:00
INC-000934,MACH-03,2,nuit,False,True,False,False,False,False,False,False,False,2026-03-10 01:51:00
INC-000935,MACH-14,3,matin,False,False,False,True,False,False,False,False,False,2026-03-10 07:04:00
INC-000936,MACH-13,3,matin,False,False,True,False,False,False,False,False,False,2026-03-10 07:24:00
INC-000937,MACH-13,3,matin,False,False,True,False,False,False,False,False,False,2026-03-10 07:42:00
INC-000938,MACH-01,3,matin,False,False,True,False,False,False,False,False,False,2026-03-10 09:21:00
INC-000939,MACH-01,3,matin,False,False,True,False,False,False,False,False,False,2026-03-10 09:39:00
INC-000940,MACH-15,3,nuit,False,False,True,False,False,False,False,False,False,2026-03-11 00:46:00
INC-000941,MACH-02,3,nuit,False,False,False,False,True,False,False,False,False,2026-03-11 01:35:00
INC-000942,MACH-03,3,nuit,False,True,False,False,False,False,False,False,False,2026-03-11 01:44:00
INC-000943,MACH-03,3,nuit,False,True,False,False,False,False,False,False,False,2026-03-11 01:51:00
INC-000944,MACH-14,4,matin,False,False,False,True,False,False,False,False,False,2026-03-11 07:04:00
INC-000945,MACH-13,4,matin,False,False,True,False,False,False,False,False,False,2026-03-11 07:42:00
INC-000946,MACH-01,4,matin,False,False,True,False,False,False,False,False,False,2026-03-11 09:21:00
INC-000947,MACH-14,2,matin,True,False,False,False,False,False,False,False,False,2026-03-11 12:43:00
INC-000948,MACH-15,2,apres-midi,False,True,False,False,False,False,False,False,False,2026-03-11 15:31:00
INC-000949,MACH-03,4,nuit,False,True,False,False,False,False,False,False,False,2026-03-12 01:51:00
INC-000950,MACH-03,3,matin,False,False,False,False,False,True,False,False,False,2026-03-12 07:20:00
INC-000951,MACH-02,3,nuit,False,False,False,False,True,False,False,False,False,2026-03-13 02:54:00
INC-000952,MACH-10,3,apres-midi,True,False,False,False,False,False,False,False,False,2026-03-13 20:49:00
INC-000953,MACH-11,3,matin,False,False,False,False,False,False,True,False,False,2026-03-14 11:19:00
INC-000954,MACH-10,3,apres-midi,False,False,False,True,False,False,False,False,False,2026-03-14 14:28:00
INC-000955,MACH-01,3,apres-midi,True,False,False,False,False,False,False,False,False,2026-03-14 21:31:00
INC-000956,MACH-08,2,apres-midi,False,False,False,False,False,False,True,False,False,2026-03-15 14:44:00
INC-000957,MACH-01,3,matin,False,False,False,False,False,False,True,False,False,2026-03-17 10:49:00
INC-000958,MACH-05,3,nuit,True,False,False,False,False,False,False,False,False,2026-03-18 05:22:00
INC-000959,MACH-10,3,nuit,True,False,False,False,False,False,False,False,False,2026-03-18 05:29:00
INC-000960,MACH-13,2,matin,False,False,True,False,False,False,False,False,False,2026-03-18 07:22:00
INC-000961,MACH-03,2,matin,False,False,False,True,False,False,False,False,False,2026-03-18 12:20:00
INC-000962,MACH-03,3,matin,False,False,False,True,False,False,False,False,False,2026-03-18 12:52:00
INC-000963,MACH-11,2,apres-midi,False,False,False,False,False,False,True,False,False,2026-03-18 15:18:00
INC-000964,MACH-04,3,apres-midi,True,False,False,False,False,False,False,False,False,2026-03-18 21:34:00
INC-000965,MACH-13,3,matin,False,False,True,False,False,False,False,False,False,2026-03-19 07:07:00
INC-000966,MACH-13,3,matin,False,False,True,False,False,False,False,False,False,2026-03-19 07:22:00
INC-000967,MACH-03,3,matin,False,False,False,True,False,False,False,False,False,2026-03-19 12:20:00
INC-000968,MACH-03,3,matin,False,False,False,True,False,False,False,False,False,2026-03-19 12:49:00
INC-000969,MACH-13,4,matin,False,False,True,False,False,False,False,False,False,2026-03-20 07:22:00
INC-000970,MACH-03,4,matin,False,False,False,True,False,False,False,False,False,2026-03-20 12:20:00
INC-000971,MACH-01,3,nuit,False,False,True,False,False,False,False,False,False,2026-03-20 23:34:00
INC-000972,MACH-11,2,nuit,False,False,True,False,False,False,False,False,False,2026-03-21 03:29:00
INC-000973,MACH-04,2,matin,False,False,False,False,False,False,True,False,False,2026-03-22 09:49:00
INC-000974,MACH-09,3,matin,False,False,False,False,False,False,True,False,False,2026-03-22 12:31:00
INC-000975,MACH-13,3,nuit,False,False,False,True,False,False,False,False,False,2026-03-23 04:30:00
INC-000976,MACH-13,2,nuit,False,False,False,True,False,False,False,False,False,2026-03-23 04:57:00
INC-000977,MACH-13,3,nuit,False,False,False,True,False,False,False,False,False,2026-03-24 04:06:00
INC-000978,MACH-13,3,nuit,False,False,False,True,False,False,False,False,False,2026-03-24 04:57:00
INC-000979,MACH-08,3,apres-midi,False,False,False,False,True,False,False,False,False,2026-03-24 17:02:00
INC-000980,MACH-02,3,apres-midi,False,False,True,False,False,False,False,False,False,2026-03-24 18:23:00
INC-000981,MACH-13,4,nuit,False,False,False,True,False,False,False,False,False,2026-03-25 04:57:00
INC-000982,MACH-13,2,apres-midi,False,False,False,False,False,False,False,False,True,2026-03-25 15:11:00
INC-000983,MACH-13,3,apres-midi,False,False,False,False,False,False,False,False,True,2026-03-25 15:53:00
INC-000984,MACH-10,2,apres-midi,False,True,False,False,False,False,False,False,False,2026-03-25 21:36:00
INC-000985,MACH-01,3,matin,False,False,False,False,False,False,True,False,False,2026-03-26 08:23:00
INC-000986,MACH-13,3,apres-midi,False,False,False,False,False,False,False,False,True,2026-03-26 15:11:00
INC-000987,MACH-13,3,apres-midi,False,False,False,False,False,False,False,False,True,2026-03-26 15:11:00
INC-000988,MACH-15,3,apres-midi,False,False,False,False,False,False,True,False,False,2026-03-26 19:01:00
INC-000989,MACH-01,3,matin,False,False,False,True,False,False,False,False,False,2026-03-27 09:20:00
INC-000990,MACH-15,3,matin,False,False,False,False,False,False,False,False,True,2026-03-27 11:19:00
INC-000991,MACH-13,4,apres-midi,False,False,False,False,False,False,False,False,True,2026-03-27 15:11:00
INC-000992,MACH-13,3,apres-midi,False,False,False,False,False,False,False,False,True,2026-03-27 19:15:00
INC-000993,MACH-13,2,apres-midi,False,False,False,False,False,False,False,False,True,2026-03-27 19:40:00
INC-000994,MACH-13,3,apres-midi,False,False,False,False,False,False,False,False,True,2026-03-28 19:35:00
INC-000995,MACH-13,3,apres-midi,False,False,False,False,False,False,False,False,True,2026-03-28 19:40:00
INC-000996,MACH-14,3,matin,False,False,False,False,False,False,True,False,False,2026-03-29 11:53:00
INC-000997,MACH-13,4,apres-midi,False,False,False,False,False,False,False,False,True,2026-03-29 19:40:00
INC-000998,MACH-13,2,nuit,False,False,True,False,False,False,False,False,False,2026-03-30 00:33:00
INC-000999,MACH-02,2,nuit,False,False,False,False,False,True,False,False,False,2026-03-30 05:24:00
INC-001000,MACH-01,2,matin,False,True,False,False,False,False,False,False,False,2026-03-30 09:24:00
INC-001001,MACH-13,3,nuit,False,False,True,False,False,False,False,False,False,2026-03-31 00:09:00
INC-001002,MACH-13,3,nuit,False,False,True,False,False,False,False,False,False,2026-03-31 00:33:00
INC-001003,MACH-01,3,matin,False,True,False,False,False,False,False,False,False,2026-03-31 09:24:00
INC-001004,MACH-01,3,matin,False,True,False,False,False,False,False,False,False,2026-03-31 09:35:00
INC-001005,MACH-13,4,nuit,False,False,True,False,False,False,False,False,False,2026-04-01 00:33:00
INC-001006,MACH-15,3,matin,False,False,True,False,False,False,False,False,False,2026-04-01 08:01:00
INC-001007,MACH-01,4,matin,False,True,False,False,False,False,False,False,False,2026-04-01 09:24:00
INC-001008,MACH-01,3,apres-midi,False,False,False,False,False,False,False,False,True,2026-04-01 20:16:00
INC-001009,MACH-06,2,nuit,False,False,False,False,False,False,False,False,True,2026-04-02 05:36:00
INC-001010,MACH-13,3,nuit,False,False,False,False,False,False,False,False,True,2026-04-03 01:10:00
INC-001011,MACH-13,2,nuit,False,False,False,False,False,False,False,False,True,2026-04-03 01:28:00
INC-001012,MACH-06,3,nuit,False,False,False,False,False,False,False,False,True,2026-04-03 05:36:00
INC-001013,MACH-08,3,matin,False,False,False,True,False,False,False,False,False,2026-04-03 09:30:00
INC-001014,MACH-09,3,matin,False,False,False,True,False,False,False,False,False,2026-04-03 09:41:00
INC-001015,MACH-05,3,matin,False,False,True,False,False,False,False,False,False,2026-04-03 13:37:00
INC-001016,MACH-03,3,apres-midi,False,False,False,True,False,False,False,False,False,2026-04-03 17:41:00
INC-001017,MACH-13,3,nuit,False,False,False,False,False,False,False,False,True,2026-04-04 01:28:00
INC-001018,MACH-13,3,nuit,False,False,False,False,False,False,False,False,True,2026-04-04 01:56:00
INC-001019,MACH-15,3,nuit,False,True,False,False,False,False,False,False,False,2026-04-04 04:46:00
INC-001020,MACH-06,4,nuit,False,False,False,False,False,False,False,False,True,2026-04-04 05:36:00
INC-001021,MACH-14,2,apres-midi,False,False,True,False,False,False,False,False,False,2026-04-04 15:38:00
INC-001022,MACH-05,2,nuit,True,False,False,False,False,False,False,False,False,2026-04-04 22:51:00
INC-001023,MACH-13,4,nuit,False,False,False,False,False,False,False,False,True,2026-04-05 01:28:00
INC-001024,MACH-13,3,nuit,False,False,False,True,False,False,False,False,False,2026-04-05 03:57:00
INC-001025,MACH-14,3,apres-midi,False,False,True,False,False,False,False,False,False,2026-04-05 15:38:00
INC-001026,MACH-09,2,matin,False,False,False,False,False,False,False,False,True,2026-04-06 07:44:00
INC-001027,MACH-14,4,apres-midi,False,False,True,False,False,False,False,False,False,2026-04-06 15:38:00
INC-001028,MACH-03,2,apres-midi,False,False,False,False,False,False,False,False,True,2026-04-06 15:45:00
INC-001029,MACH-03,3,apres-midi,False,False,False,False,False,False,False,False,True,2026-04-06 15:52:00
INC-001030,MACH-03,3,apres-midi,False,False,False,False,False,False,False,False,True,2026-04-07 15:30:00
INC-001031,MACH-03,3,apres-midi,False,False,False,False,False,False,False,False,True,2026-04-07 15:45:00
INC-001032,MACH-03,3,matin,False,False,False,False,True,False,False,False,False,2026-04-08 06:17:00
INC-001033,MACH-14,3,matin,False,False,False,True,False,False,False,False,False,2026-04-08 06:42:00
INC-001034,MACH-02,3,matin,False,False,False,False,True,False,False,False,False,2026-04-08 08:55:00
INC-001035,MACH-15,2,matin,False,False,False,False,True,False,False,False,False,2026-04-08 11:36:00
INC-001036,MACH-03,5,apres-midi,False,False,False,False,False,False,False,False,True,2026-04-08 15:45:00
INC-001037,MACH-10,2,matin,False,True,False,False,False,False,False,False,False,2026-04-09 07:27:00
INC-001038,MACH-11,2,matin,False,False,False,False,False,False,False,False,True,2026-04-09 13:50:00
INC-001039,MACH-04,2,nuit,True,False,False,False,False,False,False,False,False,2026-04-09 23:05:00
INC-001040,MACH-04,2,nuit,True,False,False,False,False,False,False,False,False,2026-04-09 23:32:00
INC-001041,MACH-11,3,nuit,False,True,False,False,False,False,False,False,False,2026-04-10 04:07:00
INC-001042,MACH-08,3,matin,False,False,False,False,True,False,False,False,False,2026-04-10 11:29:00
INC-001043,MACH-05,3,nuit,False,False,True,False,False,False,False,False,False,2026-04-10 22:42:00
INC-001044,MACH-04,3,nuit,True,False,False,False,False,False,False,False,False,2026-04-10 23:26:00
INC-001045,MACH-04,3,nuit,True,False,False,False,False,False,False,False,False,2026-04-10 23:32:00
INC-001046,MACH-05,2,nuit,False,False,False,False,False,False,False,True,False,2026-04-10 23:38:00
INC-001047,MACH-05,2,nuit,False,False,False,False,False,False,False,True,False,2026-04-10 23:47:00
INC-001048,MACH-12,2,matin,False,False,False,False,True,False,False,False,False,2026-04-11 06:07:00
INC-001049,MACH-04,2,matin,False,False,False,True,False,False,False,False,False,2026-04-11 06:57:00
INC-001050,MACH-07,2,apres-midi,False,False,False,False,True,False,False,False,False,2026-04-11 15:09:00
INC-001051,MACH-04,5,nuit,True,False,False,False,False,False,False,True,False,2026-04-11 23:32:00
INC-001052,MACH-05,3,nuit,False,False,False,False,False,False,False,True,False,2026-04-11 23:38:00
INC-001053,MACH-05,3,nuit,False,False,False,False,False,False,False,True,False,2026-04-11 23:38:00
INC-001054,MACH-02,3,nuit,False,False,True,False,False,False,False,False,False,2026-04-12 03:55:00
INC-001055,MACH-12,3,matin,False,False,False,False,True,False,False,False,False,2026-04-12 06:07:00
INC-001056,MACH-04,3,matin,False,False,False,True,False,False,False,False,False,2026-04-12 06:57:00
INC-001057,MACH-07,3,apres-midi,False,False,False,False,True,False,False,False,False,2026-04-12 15:09:00
INC-001058,MACH-05,4,nuit,False,False,False,False,False,False,False,True,True,2026-04-12 23:38:00
INC-001059,MACH-11,3,nuit,False,False,False,True,False,False,False,False,False,2026-04-13 00:24:00
INC-001060,MACH-11,2,nuit,False,False,False,False,True,False,False,False,False,2026-04-13 00:56:00
INC-001061,MACH-12,4,matin,False,False,False,False,True,False,False,False,False,2026-04-13 06:07:00
INC-001062,MACH-04,4,matin,False,False,False,True,False,False,False,False,False,2026-04-13 06:57:00
INC-001063,MACH-07,4,apres-midi,False,False,False,False,True,False,False,False,False,2026-04-13 15:09:00
INC-001064,MACH-11,3,nuit,False,False,False,False,False,False,False,False,True,2026-04-13 22:17:00
INC-001065,MACH-03,3,matin,False,False,False,False,False,False,True,False,False,2026-04-14 11:47:00
INC-001066,MACH-05,2,apres-midi,False,False,False,True,False,False,False,False,False,2026-04-14 18:42:00
INC-001067,MACH-01,3,matin,False,True,False,False,False,False,False,False,False,2026-04-15 09:56:00
INC-001068,MACH-06,2,matin,False,False,False,False,False,False,True,False,False,2026-04-15 13:20:00
INC-001069,MACH-12,3,nuit,False,False,True,False,False,False,False,False,False,2026-04-16 03:43:00
INC-001070,MACH-06,2,nuit,False,False,False,False,False,False,True,False,False,2026-04-16 05:01:00
INC-001071,MACH-06,3,matin,False,False,False,False,False,False,True,False,False,2026-04-16 13:20:00
INC-001072,MACH-14,2,apres-midi,False,False,False,True,False,False,False,False,False,2026-04-16 16:08:00
INC-001073,MACH-11,3,nuit,False,True,False,False,False,False,False,False,False,2026-04-17 04:37:00
INC-001074,MACH-06,3,nuit,False,False,False,False,False,False,True,False,False,2026-04-17 05:01:00
INC-001075,MACH-09,2,matin,False,False,False,False,False,False,False,False,True,2026-04-17 06:17:00
INC-001076,MACH-06,4,matin,False,False,False,False,False,False,True,False,False,2026-04-17 13:20:00
INC-001077,MACH-14,3,apres-midi,False,False,False,True,False,False,False,False,False,2026-04-17 16:08:00
INC-001078,MACH-06,4,nuit,False,False,False,False,False,False,True,False,False,2026-04-18 05:01:00
INC-001079,MACH-09,3,matin,False,False,False,False,False,False,False,False,True,2026-04-18 06:17:00
INC-001080,MACH-14,4,apres-midi,False,False,False,True,False,False,False,False,False,2026-04-18 16:08:00
INC-001081,MACH-09,5,matin,False,False,False,False,False,False,False,False,True,2026-04-19 06:17:00
INC-001082,MACH-14,2,matin,False,False,False,False,True,False,False,False,False,2026-04-20 08:45:00
INC-001083,MACH-08,3,nuit,True,False,False,False,False,False,False,False,False,2026-04-21 04:03:00
INC-001084,MACH-14,3,matin,False,False,False,False,True,False,False,False,False,2026-04-21 08:45:00
INC-001085,MACH-09,2,matin,False,True,False,False,False,False,False,False,False,2026-04-22 08:27:00
INC-001086,MACH-14,4,matin,False,False,False,False,True,False,False,False,False,2026-04-22 08:45:00
INC-001087,MACH-03,2,matin,False,False,False,False,False,False,False,False,True,2026-04-22 13:19:00
INC-001088,MACH-03,3,matin,False,False,False,False,False,False,False,False,True,2026-04-22 13:55:00
INC-001089,MACH-08,3,apres-midi,True,False,False,False,False,False,False,False,False,2026-04-22 14:28:00
INC-001090,MACH-10,2,apres-midi,False,False,False,False,True,False,False,False,False,2026-04-22 15:56:00
INC-001091,MACH-08,2,apres-midi,False,False,False,False,True,False,False,False,False,2026-04-22 18:50:00
INC-001092,MACH-09,3,matin,False,True,False,False,False,False,False,False,False,2026-04-23 08:27:00
INC-001093,MACH-09,3,matin,False,True,False,False,False,False,False,False,False,2026-04-23 08:57:00
INC-001094,MACH-09,2,matin,False,False,False,False,False,False,True,False,False,2026-04-23 10:05:00
INC-001095,MACH-03,3,matin,False,False,False,False,False,False,False,False,True,2026-04-23 13:19:00
INC-001096,MACH-03,3,matin,False,False,False,False,False,False,False,False,True,2026-04-23 13:50:00
INC-001097,MACH-10,3,apres-midi,False,False,False,False,True,False,False,False,False,2026-04-23 15:56:00
INC-001098,MACH-09,4,matin,False,True,False,False,False,False,False,False,False,2026-04-24 08:27:00
INC-001099,MACH-09,3,matin,False,False,False,False,False,False,True,False,False,2026-04-24 10:05:00
INC-001100,MACH-03,5,matin,False,False,False,False,False,False,False,False,True,2026-04-24 13:19:00
INC-001101,MACH-10,4,apres-midi,False,False,False,False,True,False,False,False,False,2026-04-24 15:56:00
INC-001102,MACH-03,2,nuit,False,True,False,False,False,False,False,False,False,2026-04-25 01:13:00
INC-001103,MACH-03,3,nuit,False,True,False,False,False,False,False,False,False,2026-04-25 01:14:00
INC-001104,MACH-03,3,nuit,False,True,False,False,False,False,False,False,False,2026-04-25 01:24:00
INC-001105,MACH-05,2,matin,False,False,True,False,False,False,False,False,False,2026-04-25 07:31:00
INC-001106,MACH-09,5,matin,False,False,False,False,False,False,True,False,False,2026-04-25 10:05:00
INC-001107,MACH-08,3,matin,False,True,False,False,False,False,False,False,False,2026-04-25 12:46:00
INC-001108,MACH-10,2,apres-midi,False,False,False,False,False,False,True,False,False,2026-04-25 17:46:00
INC-001109,MACH-03,3,nuit,False,True,False,False,False,False,False,False,False,2026-04-26 01:13:00
INC-001110,MACH-03,3,nuit,False,True,False,False,False,False,False,False,False,2026-04-26 01:38:00
INC-001111,MACH-05,3,matin,False,False,True,False,False,False,False,False,False,2026-04-26 07:31:00
INC-001112,MACH-14,3,matin,False,False,False,False,False,False,True,False,False,2026-04-26 12:05:00
INC-001113,MACH-10,3,apres-midi,False,False,False,False,False,False,True,False,False,2026-04-26 17:46:00
INC-001114,MACH-03,4,nuit,False,True,False,False,False,False,False,False,False,2026-04-27 01:13:00
INC-001115,MACH-05,5,matin,False,False,True,False,False,False,False,False,False,2026-04-27 07:31:00
INC-001116,MACH-12,2,matin,False,True,False,False,False,False,False,False,False,2026-04-27 10:53:00
INC-001117,MACH-10,4,apres-midi,False,False,False,False,False,False,True,False,False,2026-04-27 17:46:00
INC-001118,MACH-12,3,matin,False,True,False,False,False,False,False,False,False,2026-04-28 10:53:00
INC-001119,MACH-01,2,nuit,False,False,False,False,True,False,False,False,False,2026-04-29 05:03:00
INC-001120,MACH-10,2,matin,False,False,False,False,False,False,True,False,False,2026-04-29 09:04:00
INC-001121,MACH-12,4,matin,False,True,False,False,False,False,False,False,False,2026-04-29 10:53:00
INC-001122,MACH-06,3,apres-midi,False,False,False,False,False,False,True,False,False,2026-04-29 18:26:00
INC-001123,MACH-01,3,nuit,False,False,False,False,True,False,False,False,False,2026-04-30 05:03:00
INC-001124,MACH-01,3,nuit,False,False,False,False,True,False,False,False,False,2026-04-30 05:47:00
INC-001125,MACH-10,3,matin,False,False,False,False,False,False,True,False,False,2026-04-30 09:04:00
INC-001126,MACH-01,4,nuit,False,False,False,False,True,False,False,False,False,2026-05-01 05:03:00
INC-001127,MACH-15,2,nuit,False,False,False,False,True,False,False,False,False,2026-05-01 05:14:00
INC-001128,MACH-10,4,matin,False,False,False,False,False,False,True,False,False,2026-05-01 09:04:00
INC-001129,MACH-08,2,matin,False,False,False,False,False,False,True,False,False,2026-05-02 09:22:00
INC-001130,MACH-13,3,nuit,False,False,True,False,False,False,False,False,False,2026-05-03 00:55:00
INC-001131,MACH-15,3,apres-midi,False,True,False,False,False,False,False,False,False,2026-05-03 20:03:00
INC-001132,MACH-15,3,nuit,False,False,True,False,False,False,False,False,False,2026-05-04 02:22:00
INC-001133,MACH-09,2,matin,False,False,False,False,True,False,False,False,False,2026-05-08 10:07:00
INC-001134,MACH-08,2,apres-midi,False,False,False,False,False,False,False,False,True,2026-05-08 14:54:00
INC-001135,MACH-01,2,apres-midi,False,False,True,False,False,False,False,False,False,2026-05-08 18:43:00
INC-001136,MACH-06,2,apres-midi,True,False,False,False,False,False,False,False,False,2026-05-08 21:44:00
INC-001137,MACH-01,3,nuit,False,False,False,True,False,False,False,False,False,2026-05-09 03:41:00
INC-001138,MACH-08,3,matin,False,False,False,False,False,False,True,False,False,2026-05-09 07:38:00
INC-001139,MACH-01,3,apres-midi,False,False,True,False,False,False,False,False,False,2026-05-09 18:43:00
INC-001140,MACH-01,3,apres-midi,False,False,True,False,False,False,False,False,False,2026-05-09 18:45:00
INC-001141,MACH-06,3,apres-midi,False,False,True,False,False,False,False,False,False,2026-05-09 19:01:00
INC-001142,MACH-03,3,nuit,False,False,False,False,False,False,False,False,True,2026-05-10 04:50:00
INC-001143,MACH-08,3,matin,False,False,True,False,False,False,False,False,False,2026-05-10 12:43:00
INC-001144,MACH-09,2,apres-midi,False,False,False,True,False,False,False,False,False,2026-05-10 16:03:00
INC-001145,MACH-01,4,apres-midi,False,False,True,False,False,False,False,False,False,2026-05-10 18:43:00
INC-001146,MACH-09,2,matin,False,False,False,False,True,False,False,False,False,2026-05-11 13:23:00
INC-001147,MACH-09,3,apres-midi,False,False,False,True,False,False,False,False,False,2026-05-11 16:03:00
INC-001148,MACH-03,3,apres-midi,True,False,False,False,False,False,False,False,False,2026-05-11 16:46:00
INC-001149,MACH-12,3,apres-midi,False,False,False,False,False,False,True,False,False,2026-05-12 15:22:00
INC-001150,MACH-09,5,apres-midi,False,False,False,True,False,False,False,False,False,2026-05-12 16:03:00
INC-001151,MACH-10,2,apres-midi,False,False,False,False,False,False,False,False,True,2026-05-12 16:49:00
INC-001152,MACH-05,3,apres-midi,False,False,False,False,False,False,True,False,False,2026-05-12 18:52:00
INC-001153,MACH-03,3,nuit,False,True,False,False,False,False,False,False,False,2026-05-13 00:14:00
INC-001154,MACH-03,2,nuit,False,True,False,False,False,False,False,False,False,2026-05-13 00:26:00
INC-001155,MACH-10,3,apres-midi,False,False,False,False,False,False,False,False,True,2026-05-13 16:49:00
INC-001156,MACH-03,3,nuit,False,True,False,False,False,False,False,False,False,2026-05-14 00:06:00
INC-001157,MACH-03,3,nuit,False,True,False,False,False,False,False,False,False,2026-05-14 00:26:00
INC-001158,MACH-08,3,matin,False,False,False,True,False,False,False,False,False,2026-05-14 08:36:00
INC-001159,MACH-09,3,matin,False,False,False,False,False,False,True,False,False,2026-05-14 13:14:00
INC-001160,MACH-10,4,apres-midi,False,False,False,False,False,False,False,False,True,2026-05-14 16:49:00
INC-001161,MACH-03,5,nuit,False,True,False,False,False,False,False,False,False,2026-05-15 00:26:00
INC-001162,MACH-14,2,matin,True,False,False,False,False,False,False,False,False,2026-05-15 07:01:00
INC-001163,MACH-06,2,matin,False,False,False,True,False,False,False,False,False,2026-05-15 08:31:00
INC-001164,MACH-09,3,nuit,False,False,False,False,True,False,False,False,False,2026-05-16 00:55:00
INC-001165,MACH-11,2,nuit,False,False,False,False,False,False,True,False,False,2026-05-16 02:30:00
INC-001166,MACH-02,3,matin,False,False,False,False,False,False,True,False,False,2026-05-16 06:15:00
INC-001167,MACH-06,3,matin,False,False,False,True,False,False,False,False,False,2026-05-16 08:31:00
INC-001168,MACH-12,2,apres-midi,True,False,False,False,False,False,False,False,False,2026-05-16 19:39:00
INC-001169,MACH-06,4,matin,False,False,False,True,False,False,False,False,False,2026-05-17 08:31:00
INC-001170,MACH-11,2,apres-midi,False,False,False,False,False,False,True,False,False,2026-05-17 16:02:00
INC-001171,MACH-10,2,matin,False,True,False,False,False,False,False,False,False,2026-05-19 08:44:00
INC-001172,MACH-14,2,matin,False,False,False,True,False,False,False,False,False,2026-05-20 11:23:00
INC-001173,MACH-15,2,apres-midi,False,False,False,False,False,False,True,False,False,2026-05-20 15:40:00
INC-001174,MACH-08,3,apres-midi,True,False,False,False,False,False,False,False,False,2026-05-20 18:52:00
INC-001175,MACH-10,3,nuit,False,False,False,False,True,False,False,False,False,2026-05-21 23:35:00
INC-001176,MACH-13,3,nuit,False,True,False,False,False,False,False,False,False,2026-05-22 00:39:00
INC-001177,MACH-13,2,nuit,False,True,False,False,False,False,False,False,False,2026-05-22 00:52:00
INC-001178,MACH-03,3,nuit,False,False,False,True,False,False,False,False,False,2026-05-22 03:15:00
INC-001179,MACH-03,2,nuit,False,False,False,True,False,False,False,False,False,2026-05-22 03:18:00
INC-001180,MACH-14,3,apres-midi,True,False,False,False,False,False,False,False,False,2026-05-22 19:14:00
INC-001181,MACH-13,3,nuit,False,True,False,False,False,False,False,False,False,2026-05-23 00:24:00
INC-001182,MACH-13,3,nuit,False,True,False,False,False,False,False,False,False,2026-05-23 00:52:00
INC-001183,MACH-03,3,nuit,False,False,False,True,False,False,False,False,False,2026-05-23 03:18:00
INC-001184,MACH-03,3,nuit,False,False,False,True,False,False,False,False,False,2026-05-23 03:49:00
INC-001185,MACH-08,3,matin,False,False,False,False,False,False,True,False,False,2026-05-23 08:30:00
INC-001186,MACH-03,3,matin,False,False,False,False,False,False,False,False,True,2026-05-23 10:20:00
INC-001187,MACH-14,3,matin,False,False,False,True,False,False,False,False,False,2026-05-23 13:45:00
INC-001188,MACH-08,3,matin,False,False,False,False,False,False,False,False,True,2026-05-23 13:49:00
INC-001189,MACH-13,4,nuit,False,True,False,False,False,False,False,False,False,2026-05-24 00:52:00
INC-001190,MACH-03,4,nuit,False,False,False,True,False,False,False,False,False,2026-05-24 03:18:00
INC-001191,MACH-13,3,apres-midi,False,False,False,False,False,False,False,False,True,2026-05-24 16:41:00
INC-001192,MACH-12,2,nuit,False,False,False,True,False,False,False,False,False,2026-05-25 01:51:00
INC-001193,MACH-08,3,matin,False,False,True,False,False,False,False,False,False,2026-05-25 06:34:00
INC-001194,MACH-07,2,apres-midi,False,False,False,False,False,True,False,False,False,2026-05-25 14:39:00
INC-001195,MACH-04,3,nuit,False,False,False,False,False,False,False,False,True,2026-05-25 22:23:00
INC-001196,MACH-12,2,nuit,False,True,False,False,False,False,False,False,False,2026-05-26 01:07:00
INC-001197,MACH-12,2,nuit,False,True,False,False,False,False,False,False,False,2026-05-26 01:20:00
INC-001198,MACH-12,3,nuit,False,False,False,True,False,False,False,False,False,2026-05-26 01:51:00
INC-001199,MACH-07,3,apres-midi,False,False,False,False,False,True,False,False,False,2026-05-26 14:16:00
INC-001200,MACH-07,3,apres-midi,False,False,False,False,False,True,False,False,False,2026-05-26 14:39:00
INC-001201,MACH-12,3,nuit,False,True,False,False,False,False,False,False,False,2026-05-27 01:20:00
INC-001202,MACH-12,3,nuit,False,True,False,False,False,False,False,False,False,2026-05-27 01:32:00
INC-001203,MACH-12,4,nuit,False,False,False,True,False,False,False,False,False,2026-05-27 01:51:00
INC-001204,MACH-13,3,nuit,False,True,False,False,False,False,False,False,False,2026-05-27 04:50:00
INC-001205,MACH-11,3,matin,False,False,False,False,True,False,False,False,False,2026-05-27 11:11:00
INC-001206,MACH-07,4,apres-midi,False,False,False,False,False,True,False,False,False,2026-05-27 14:39:00
INC-001207,MACH-09,3,apres-midi,False,False,False,False,False,False,True,False,False,2026-05-27 18:05:00
INC-001208,MACH-03,3,nuit,False,True,False,False,False,False,False,False,False,2026-05-28 00:39:00
INC-001209,MACH-12,4,nuit,False,True,False,False,False,False,False,True,False,2026-05-28 01:20:00
INC-001210,MACH-14,2,matin,True,False,False,False,False,False,False,False,False,2026-05-28 08:26:00
INC-001211,MACH-05,2,apres-midi,False,True,False,False,False,False,False,False,False,2026-05-28 19:57:00
INC-001212,MACH-12,2,apres-midi,True,False,False,False,False,False,False,False,False,2026-05-28 20:25:00
INC-001213,MACH-05,3,apres-midi,False,True,False,False,False,False,False,False,False,2026-05-29 19:47:00
INC-001214,MACH-05,3,apres-midi,False,True,False,False,False,False,False,False,False,2026-05-29 19:57:00
INC-001215,MACH-13,3,nuit,False,False,False,True,False,False,False,False,False,2026-05-29 23:31:00
INC-001216,MACH-05,5,apres-midi,False,True,False,False,False,False,False,False,False,2026-05-30 19:57:00
INC-001217,MACH-07,2,nuit,False,True,False,False,False,False,False,False,False,2026-05-31 04:08:00
INC-001218,MACH-09,2,matin,False,False,False,False,False,False,True,False,False,2026-05-31 09:17:00
INC-001219,MACH-03,2,matin,False,True,False,False,False,False,False,False,False,2026-05-31 09:33:00
INC-001220,MACH-03,3,matin,False,True,False,False,False,False,False,False,False,2026-05-31 09:37:00
INC-001221,MACH-05,3,apres-midi,True,False,False,False,False,False,False,False,False,2026-05-31 19:45:00
INC-001222,MACH-07,3,nuit,False,True,False,False,False,False,False,False,False,2026-06-01 04:08:00
INC-001223,MACH-03,3,matin,False,True,False,False,False,False,False,False,False,2026-06-01 09:24:00
INC-001224,MACH-03,3,matin,False,True,False,False,False,False,False,False,False,2026-06-01 09:33:00
INC-001225,MACH-09,2,nuit,False,False,True,False,False,False,False,False,False,2026-06-02 00:31:00
INC-001226,MACH-07,4,nuit,False,True,False,False,False,False,False,False,False,2026-06-02 04:08:00
INC-001227,MACH-05,3,nuit,False,False,False,False,True,False,False,False,False,2026-06-02 05:07:00
INC-001228,MACH-06,2,matin,False,False,False,True,False,False,False,False,False,2026-06-02 06:04:00
INC-001229,MACH-03,4,matin,False,True,False,False,False,False,False,False,False,2026-06-02 09:33:00
INC-001230,MACH-02,3,matin,False,False,False,True,False,False,False,False,False,2026-06-02 12:57:00
INC-001231,MACH-06,3,matin,False,False,False,True,False,False,False,False,False,2026-06-03 06:04:00
INC-001232,MACH-11,3,apres-midi,False,True,False,False,False,False,False,False,False,2026-06-03 18:49:00
INC-001233,MACH-13,3,apres-midi,False,False,False,False,False,False,True,False,False,2026-06-03 20:40:00
INC-001234,MACH-07,2,nuit,False,False,True,False,False,False,False,False,False,2026-06-04 00:42:00
INC-001235,MACH-03,3,nuit,False,False,False,False,False,False,False,False,True,2026-06-04 05:34:00
INC-001236,MACH-03,2,nuit,False,False,False,False,False,False,False,False,True,2026-06-04 05:53:00
INC-001237,MACH-06,4,matin,False,False,False,True,False,False,False,False,False,2026-06-04 06:04:00
INC-001238,MACH-09,3,matin,False,False,False,False,True,False,False,False,False,2026-06-04 10:23:00
INC-001239,MACH-10,2,nuit,False,False,False,False,False,False,False,False,True,2026-06-05 00:13:00
INC-001240,MACH-03,3,nuit,False,False,False,False,False,False,False,False,True,2026-06-05 05:29:00
INC-001241,MACH-03,3,nuit,False,False,False,False,False,False,False,False,True,2026-06-05 05:53:00
INC-001242,MACH-10,3,nuit,False,False,False,False,False,False,False,False,True,2026-06-06 00:13:00
INC-001243,MACH-03,4,nuit,False,False,False,False,False,False,False,False,True,2026-06-06 05:53:00
INC-001244,MACH-10,4,nuit,False,False,False,False,False,False,False,False,True,2026-06-07 00:13:00
INC-001245,MACH-13,3,nuit,False,True,False,False,False,False,False,False,False,2026-06-08 00:29:00
